title,foodtype,location,menu_title,image,cost,score
홍은이 닭지그리,닭요리,충남 아산시 배방읍 호서로 104-16,닭지그리4인풀세트,https://search.pstatic.net/common/?autoRotate=true&quality=95&type=f320_320&src=https%3A%2F%2Fldb-phinf.pstatic.net%2F20170910_197%2F1505039363703z3BXt_JPEG%2FTnA0SzQ-XZXKaxGyXYvPxRPE.JPG.jpg,"29,000",2.9
홍은이 닭지그리,닭요리,충남 아산시 배방읍 호서로 104-16,돈지그리4인풀세트,https://search.pstatic.net/common/?autoRotate=true&quality=95&type=f320_320&src=https%3A%2F%2Fldb-phinf.pstatic.net%2F20170910_53%2F1505039593423vAFD3_JPEG%2FgF2nwo_AfM093RAX-UELuXJt.JPG.jpg,"29,000",2.9
홍은이 닭지그리,닭요리,충남 아산시 배방읍 호서로 104-16,순두부,https://search.pstatic.net/common/?autoRotate=true&quality=95&type=f320_320&src=https%3A%2F%2Fldb-phinf.pstatic.net%2F20170910_28%2F15050402051446lJnn_JPEG%2FVo2kbJmstDSj7CuYdRJysG3q.JPG.jpg,"9,000",2.9
홍은이 닭지그리,닭요리,충남 아산시 배방읍 호서로 104-16,치킨,https://search.pstatic.net/common/?autoRotate=true&quality=95&type=f320_320&src=https%3A%2F%2Fldb-phinf.pstatic.net%2F20170910_248%2F1505040528259AXFTM_JPEG%2FbNqNPS8caPJ3uCxde_pVR_ed.JPG.jpg,"18,000",2.9
홍은이 닭지그리,닭요리,충남 아산시 배방읍 호서로 104-16,똥집후라이드,https://search.pstatic.net/common/?autoRotate=true&quality=95&type=f320_320&src=https%3A%2F%2Fldb-phinf.pstatic.net%2F20170910_259%2F1505040738051K75A5_JPEG%2FV7noAhalwQiMwYraImXJ6PBH.JPG.jpg,"13,000",2.9
피노카페,"카페,디저트",충남 천안시 동남구 풍세면 휴양림길 99-23 피노카페,알리오올리오,https://search.pstatic.net/common/?autoRotate=true&quality=95&type=f320_320&src=https%3A%2F%2Fldb-phinf.pstatic.net%2F20231230_155%2F1703925063518WGE8J_JPEG%2FIMG_2009.jpeg,"15,000",3.4
피노카페,"카페,디저트",충남 천안시 동남구 풍세면 휴양림길 99-23 피노카페,반반피자(소!불고기 & 페페로니),https://search.pstatic.net/common/?autoRotate=true&quality=95&type=f320_320&src=https%3A%2F%2Fldb-phinf.pstatic.net%2F20230704_152%2F1688465473761jyipw_JPEG%2F82A26125-3DA3-4DBB-A720-67DAD4E9A150.jpeg,"20,900",3.4
피노카페,"카페,디저트",충남 천안시 동남구 풍세면 휴양림길 99-23 피노카페,치킨로제 리조또,https://search.pstatic.net/common/?autoRotate=true&quality=95&type=f320_320&src=https%3A%2F%2Fldb-phinf.pstatic.net%2F20240111_44%2F17049615701310afG5_JPEG%2FIMG_2137.jpeg,"16,000",3.4
피노카페,"카페,디저트",충남 천안시 동남구 풍세면 휴양림길 99-23 피노카페,반반피자(쉬림프&포테이토베이컨),https://search.pstatic.net/common/?autoRotate=true&quality=95&type=f320_320&src=https%3A%2F%2Fldb-phinf.pstatic.net%2F20230210_156%2F1676003050898pnWIm_JPEG%2F8DE7BEC7-553D-45F7-8248-54241CA86553.jpeg,"18,900",3.4
피노카페,"카페,디저트",충남 천안시 동남구 풍세면 휴양림길 99-23 피노카페,토마토파스타,https://search.pstatic.net/common/?autoRotate=true&quality=95&type=f320_320&src=https%3A%2F%2Fldb-phinf.pstatic.net%2F20221126_91%2F16694291692347etm3_JPEG%2FAA6A8E37-9268-43D5-89B1-C5C526EB723D.jpeg,"16,000",3.4
피노카페,"카페,디저트",충남 천안시 동남구 풍세면 휴양림길 99-23 피노카페,스페셜런치,https://search.pstatic.net/common/?autoRotate=true&quality=95&type=f320_320&src=https%3A%2F%2Fldb-phinf.pstatic.net%2F20231230_250%2F1703925078819vawIo_JPEG%2FIMG_2008.jpeg,"14,000",3.4
피노카페,"카페,디저트",충남 천안시 동남구 풍세면 휴양림길 99-23 피노카페,에그마요 크로아상,https://search.pstatic.net/common/?autoRotate=true&quality=95&type=f320_320&src=https%3A%2F%2Fldb-phinf.pstatic.net%2F20221126_244%2F1669428956427guwli_JPEG%2F081BF2E8-66B7-4E25-B327-5B5BACC6AC23.jpeg,"6,500",3.4
피노카페,"카페,디저트",충남 천안시 동남구 풍세면 휴양림길 99-23 피노카페,누네띠네 스콘,https://search.pstatic.net/common/?autoRotate=true&quality=95&type=f320_320&src=https%3A%2F%2Fldb-phinf.pstatic.net%2F20220604_174%2F1654309640272pAaFQ_JPEG%2F399810B9-1BF7-49B4-838D-40507314FC0B.jpeg,"4,000",3.4
피노카페,"카페,디저트",충남 천안시 동남구 풍세면 휴양림길 99-23 피노카페,피노슈페너,https://search.pstatic.net/common/?autoRotate=true&quality=95&type=f320_320&src=https%3A%2F%2Fldb-phinf.pstatic.net%2F20220102_156%2F1641108145172ffLSc_JPEG%2F%25B4%25D9%25BF%25EE%25B7%25CE%25B5%25E5.jpg,"6,000",3.4
피노카페,"카페,디저트",충남 천안시 동남구 풍세면 휴양림길 99-23 피노카페,흑임자라떼,https://search.pstatic.net/common/?autoRotate=true&quality=95&type=f320_320&src=https%3A%2F%2Fldb-phinf.pstatic.net%2F20201016_270%2F16028314156581puTc_JPEG%2FGtXsYVnq1TgkI4MVon7pXA3x.jpeg.jpg,"6,500",3.4
피노카페,"카페,디저트",충남 천안시 동남구 풍세면 휴양림길 99-23 피노카페,만원의 행복 1인 세트,https://search.pstatic.net/common/?autoRotate=true&quality=95&type=f320_320&src=https%3A%2F%2Fldb-phinf.pstatic.net%2F20240509_142%2F1715250354394PjDiH_JPEG%2FIMG_2775.jpeg,"10,000",3.4
피노카페,"카페,디저트",충남 천안시 동남구 풍세면 휴양림길 99-23 피노카페,딸기크림라떼,https://search.pstatic.net/common/?autoRotate=true&quality=95&type=f320_320&src=https%3A%2F%2Fldb-phinf.pstatic.net%2F20231230_60%2F1703914719959v7SJq_JPEG%2FIMG_2006.jpeg,"7,000",3.4
피노카페,"카페,디저트",충남 천안시 동남구 풍세면 휴양림길 99-23 피노카페,토마토리조또,https://search.pstatic.net/common/?autoRotate=true&quality=95&type=f320_320&src=https%3A%2F%2Fldb-phinf.pstatic.net%2F20240111_50%2F1704961553922RK75V_JPEG%2FIMG_2136.jpeg,"16,000",3.4
피노카페,"카페,디저트",충남 천안시 동남구 풍세면 휴양림길 99-23 피노카페,투움바 크림리조또,https://search.pstatic.net/common/?autoRotate=true&quality=95&type=f320_320&src=https%3A%2F%2Fldb-phinf.pstatic.net%2F20240111_80%2F17049615798362Ay9l_JPEG%2FIMG_2138.jpeg,"16,000",3.4
피노카페,"카페,디저트",충남 천안시 동남구 풍세면 휴양림길 99-23 피노카페,매콤 로제파스타,https://search.pstatic.net/common/?autoRotate=true&quality=95&type=f320_320&src=https%3A%2F%2Fldb-phinf.pstatic.net%2F20230620_43%2F16872301735724Y9H9_JPEG%2FB89DAEFA-CC7A-4F03-8CDC-E5FFDB586436.jpeg,"15,500",3.4
브로시스,"맥주,호프",충남 아산시 배방읍 호서로 86-7 브로시스,BROSIS 생맥 3000cc,https://search.pstatic.net/common/?autoRotate=true&quality=95&type=f320_320&src=https%3A%2F%2Fldb-phinf.pstatic.net%2F20240510_142%2F1715350839886rAwxH_JPEG%2FIMG_6349.jpeg,"18,000",4.2
브로시스,"맥주,호프",충남 아산시 배방읍 호서로 86-7 브로시스,BROSIS 생맥 1700cc,https://search.pstatic.net/common/?autoRotate=true&quality=95&type=f320_320&src=https%3A%2F%2Fldb-phinf.pstatic.net%2F20240510_53%2F1715350777321HkBqE_JPEG%2FIMG_6349.jpeg,"14,900",4.2
브로시스,"맥주,호프",충남 아산시 배방읍 호서로 86-7 브로시스,소주(참이슬.진로.새로.처음처럼등),https://search.pstatic.net/common/?autoRotate=true&quality=95&type=f320_320&src=https%3A%2F%2Fldb-phinf.pstatic.net%2F20240510_184%2F1715351084068kWyvx_JPEG%2FIMG_7938.jpeg,"5,000",4.2
브로시스,"맥주,호프",충남 아산시 배방읍 호서로 86-7 브로시스,BROSIS 생맥,https://search.pstatic.net/common/?autoRotate=true&quality=95&type=f320_320&src=https%3A%2F%2Fldb-phinf.pstatic.net%2F20240510_6%2F17153506795014E9zB_JPEG%2FIMG_6349.jpeg,"4,500",4.2
시유당,"카페,디저트",충남 천안시 동남구 풍세면 휴양림길 99-18 시유당,쉬림프오일파스타,https://search.pstatic.net/common/?autoRotate=true&quality=95&type=f320_320&src=https%3A%2F%2Fldb-phinf.pstatic.net%2F20240223_3%2F1708655136001zl0Hl_PNG%2F%25BB%25E7%25BA%25BB_-KakaoTalk_20230429_114700006_01-removebg-preview.png,"15,800",3.8
시유당,"카페,디저트",충남 천안시 동남구 풍세면 휴양림길 99-18 시유당,시유슈페너,https://search.pstatic.net/common/?autoRotate=true&quality=95&type=f320_320&src=https%3A%2F%2Fldb-phinf.pstatic.net%2F20240419_109%2F1713521865880quFaG_JPEG%2FKakaoTalk_20240419_143928958_06.jpg,"7,000",3.8
시유당,"카페,디저트",충남 천안시 동남구 풍세면 휴양림길 99-18 시유당,바질쉬림프크림파스타,https://search.pstatic.net/common/?autoRotate=true&quality=95&type=f320_320&src=https%3A%2F%2Fldb-phinf.pstatic.net%2F20240223_121%2F1708654779979stgBV_PNG%2F%25BB%25E7%25BA%25BB_-KakaoTalk_20230508_154129201-removebg-preview.png,"15,800",3.8
시유당,"카페,디저트",충남 천안시 동남구 풍세면 휴양림길 99-18 시유당,포르치니트러플크림파스타,https://search.pstatic.net/common/?autoRotate=true&quality=95&type=f320_320&src=https%3A%2F%2Fldb-phinf.pstatic.net%2F20240223_155%2F17086549248665RrYF_PNG%2F%25BB%25E7%25BA%25BB_-KakaoTalk_20220804_150013884_02-removebg-preview.png,"15,800",3.8
시유당,"카페,디저트",충남 천안시 동남구 풍세면 휴양림길 99-18 시유당,매콤로제치킨파스타,https://search.pstatic.net/common/?autoRotate=true&quality=95&type=f320_320&src=https%3A%2F%2Fldb-phinf.pstatic.net%2F20240223_173%2F1708654855019HUrGd_PNG%2F%25B8%25C5%25C4%25DE%25B7%25CE%25C1%25A6%25C4%25A1%25C5%25B2%25C6%25C4%25BD%25BA%25C5%25B8_15800-removebg-preview.png,"15,800",3.8
시유당,"카페,디저트",충남 천안시 동남구 풍세면 휴양림길 99-18 시유당,라구알라파스타,https://search.pstatic.net/common/?autoRotate=true&quality=95&type=f320_320&src=https%3A%2F%2Fldb-phinf.pstatic.net%2F20240223_125%2F17086546382519vkDn_PNG%2F%25BB%25E7%25BA%25BB_-%25C1%25A6%25B8%25F1_%25BE%25F8%25C0%25BD-removebg-preview.png,"14,800",3.8
시유당,"카페,디저트",충남 천안시 동남구 풍세면 휴양림길 99-18 시유당,명란대파크림파스타,https://search.pstatic.net/common/?autoRotate=true&quality=95&type=f320_320&src=https%3A%2F%2Fldb-phinf.pstatic.net%2F20240223_127%2F1708654686266u3BjY_PNG%2F%25B8%25ED%25B6%25F5%25B4%25EB%25C6%25C4%25C5%25A9%25B8%25B2%25C6%25C4%25BD%25BA%25C5%25B8_15800.png,"15,800",3.8
시유당,"카페,디저트",충남 천안시 동남구 풍세면 휴양림길 99-18 시유당,우삼겹크림파스타,https://search.pstatic.net/common/?autoRotate=true&quality=95&type=f320_320&src=https%3A%2F%2Fldb-phinf.pstatic.net%2F20240223_86%2F17086550564033CCDj_PNG%2F%25BF%25EC%25BB%25EF%25B0%25E3%25C5%25A9%25B8%25B2%25C6%25C4%25BD%25BA%25C5%25B8_15800-removebg-preview.png,"15,800",3.8
시유당,"카페,디저트",충남 천안시 동남구 풍세면 휴양림길 99-18 시유당,쉬림프오픈샌드위치,https://search.pstatic.net/common/?autoRotate=true&quality=95&type=f320_320&src=https%3A%2F%2Fldb-phinf.pstatic.net%2F20240223_45%2F17086560062214BacE_JPEG%2F%25BD%25AC%25B8%25B2%25C7%25C1_%25BF%25C0%25C7%25C2%25BB%25F7%25B5%25E5%25C0%25A7%25C4%25A1_14800.jpg,"14,800",3.8
시유당,"카페,디저트",충남 천안시 동남구 풍세면 휴양림길 99-18 시유당,프로슈토오픈샌드위치,https://search.pstatic.net/common/?autoRotate=true&quality=95&type=f320_320&src=https%3A%2F%2Fldb-phinf.pstatic.net%2F20240223_129%2F1708655932874R0dgi_PNG%2F%25C7%25C1%25B7%25CE%25BD%25B4%25C5%25E4_%25BF%25C0%25C7%25C2%25BB%25F7%25B5%25E5%25C0%25A7%25C4%25A1_14500.png,"14,500",3.8
시유당,"카페,디저트",충남 천안시 동남구 풍세면 휴양림길 99-18 시유당,당근라페오픈샌드위치,https://search.pstatic.net/common/?autoRotate=true&quality=95&type=f320_320&src=https%3A%2F%2Fldb-phinf.pstatic.net%2F20240223_116%2F17086558782088F2Ia_JPEG%2F%25B4%25E7%25B1%25D9%25B6%25F3%25C6%25E4_%25BF%25C0%25C7%25C2%25BB%25F7%25B5%25E5%25C0%25A7%25C4%25A1_12500.jpg,"12,500",3.8
시유당,"카페,디저트",충남 천안시 동남구 풍세면 휴양림길 99-18 시유당,카프레제샐러드,https://search.pstatic.net/common/?autoRotate=true&quality=95&type=f320_320&src=https%3A%2F%2Fldb-phinf.pstatic.net%2F20240223_69%2F1708656198254zTXXM_PNG%2F%25C4%25AB%25C7%25C1%25B7%25B9%25C1%25A6%25BB%25F8%25B7%25AF%25B5%25E5_14500-removebg-preview.png,"14,500",3.8
시유당,"카페,디저트",충남 천안시 동남구 풍세면 휴양림길 99-18 시유당,케이준치킨샐러드,https://search.pstatic.net/common/?autoRotate=true&quality=95&type=f320_320&src=https%3A%2F%2Fldb-phinf.pstatic.net%2F20240223_263%2F1708656226103sKucF_PNG%2F%25C4%25C9%25C0%25CC%25C1%25D8%25C4%25A1%25C5%25B2%25BB%25F8%25B7%25AF%25B5%25E5_14800-removebg-preview.png,"14,800",3.8
시유당,"카페,디저트",충남 천안시 동남구 풍세면 휴양림길 99-18 시유당,리코타치즈샐러드,https://search.pstatic.net/common/?autoRotate=true&quality=95&type=f320_320&src=https%3A%2F%2Fldb-phinf.pstatic.net%2F20240223_115%2F17086561498676N23J_PNG%2F%25B8%25AE%25C4%25DA%25C5%25B8%25C4%25A1%25C1%25EE%25BB%25F8%25B7%25AF%25B5%25E5_12500-removebg-preview.png,"12,500",3.8
시유당,"카페,디저트",충남 천안시 동남구 풍세면 휴양림길 99-18 시유당,포르치니트러플크림리조또,https://search.pstatic.net/common/?autoRotate=true&quality=95&type=f320_320&src=https%3A%2F%2Fldb-phinf.pstatic.net%2F20240223_124%2F17086557216938MgfY_PNG%2F%25C6%25F7%25B8%25A3%25C4%25A1%25B4%25CF%25C5%25A9%25B8%25B2%25B8%25AE%25C1%25B6%25B6%25C7_15800-removebg-preview.png,"15,800",3.8
곱창1번지,"곱창,막창,양",충남 아산시 배방읍 호서로 88,야채곱창,,"12,500",2.3
곱창1번지,"곱창,막창,양",충남 아산시 배방읍 호서로 88,구공탄막창,https://search.pstatic.net/common/?autoRotate=true&quality=95&type=f320_320&src=https%3A%2F%2Fldb-phinf.pstatic.net%2F20210831_148%2F16303999211845ouxM_JPEG%2FxcF8XUR04EwcWe8n35qamKMj.jpg,"12,500",2.3
곱창1번지,"곱창,막창,양",충남 아산시 배방읍 호서로 88,양념막창,,"12,500",2.3
곱창1번지,"곱창,막창,양",충남 아산시 배방읍 호서로 88,오돌뼈,,"12,500",2.3
곱창1번지,"곱창,막창,양",충남 아산시 배방읍 호서로 88,돼지껍데기,,"8,000",2.3
라화쿵부 아산호서대점,마라탕,충남 아산시 배방읍 호서로79번길 6,마라탕 100g,https://search.pstatic.net/common/?autoRotate=true&quality=95&type=f320_320&src=https%3A%2F%2Fldb-phinf.pstatic.net%2F20190920_77%2F1568966759652PCeh8_PNG%2FqEsizwktVcdkJthYZIInEMhF.png,"1,850",2.6
라화쿵부 아산호서대점,마라탕,충남 아산시 배방읍 호서로79번길 6,꿔바로우,https://search.pstatic.net/common/?autoRotate=true&quality=95&type=f320_320&src=https%3A%2F%2Fldb-phinf.pstatic.net%2F20190920_133%2F1568966829088uOPMI_PNG%2FwaHIY1CheTnS3hgBMBEZJ1Mw.png,"18,000",2.6
라화쿵부 아산호서대점,마라탕,충남 아산시 배방읍 호서로79번길 6,마라향궈 100g,https://search.pstatic.net/common/?autoRotate=true&quality=95&type=f320_320&src=https%3A%2F%2Fldb-phinf.pstatic.net%2F20190920_136%2F1568966790649I0RYa_PNG%2FjA4AdWayvZFZkWcJjHr2zSw-.png,"3,500",2.6
은화수식당 아산호서대점,돈가스,충남 아산시 배방읍 호서로79번길 14,멘치카츠카레,https://search.pstatic.net/common/?autoRotate=true&quality=95&type=f320_320&src=https%3A%2F%2Fldb-phinf.pstatic.net%2F20230303_158%2F1677814590808lTdkx_PNG%2F%25B8%25E0%25C4%25A1%25C4%25AB%25C3%25F7%25C4%25AB%25B7%25B9.png,"9,000",3.8
은화수식당 아산호서대점,돈가스,충남 아산시 배방읍 호서로79번길 14,고구마매콤이돈가스,https://search.pstatic.net/common/?autoRotate=true&quality=95&type=f320_320&src=https%3A%2F%2Fldb-phinf.pstatic.net%2F20220203_93%2F1643857056698wCu0T_PNG%2F%25B0%25ED%25B1%25B8%25B8%25B6%25B8%25C5%25C4%25DE%25C0%25CC%25B5%25B7%25B0%25A1%25BD%25BA.png,"10,500",3.8
은화수식당 아산호서대점,돈가스,충남 아산시 배방읍 호서로79번길 14,은화수정식,https://search.pstatic.net/common/?autoRotate=true&quality=95&type=f320_320&src=https%3A%2F%2Fldb-phinf.pstatic.net%2F20220203_265%2F1643857040429giXx5_PNG%2F%25C0%25BA%25C8%25AD%25BC%25F6%25C1%25A4%25BD%25C4.png,"11,000",3.8
은화수식당 아산호서대점,돈가스,충남 아산시 배방읍 호서로79번길 14,멘치카츠,https://search.pstatic.net/common/?autoRotate=true&quality=95&type=f320_320&src=https%3A%2F%2Fldb-phinf.pstatic.net%2F20230303_129%2F16778146526084xdnK_PNG%2F%25B8%25E0%25C4%25A1%25C4%25AB%25C3%25F7.png,"9,500",3.8
은화수식당 아산호서대점,돈가스,충남 아산시 배방읍 호서로79번길 14,경양식돈가스,https://search.pstatic.net/common/?autoRotate=true&quality=95&type=f320_320&src=https%3A%2F%2Fldb-phinf.pstatic.net%2F20220203_79%2F1643857029236f25Tj_PNG%2F%25B0%25E6%25BE%25E7%25BD%25C4%25B5%25B7%25B0%25A1%25BD%25BA.png,"8,500",3.8
은화수식당 아산호서대점,돈가스,충남 아산시 배방읍 호서로79번길 14,하와이돈가스,https://search.pstatic.net/common/?autoRotate=true&quality=95&type=f320_320&src=https%3A%2F%2Fldb-phinf.pstatic.net%2F20220203_130%2F16438570155601O9C0_PNG%2F%25C7%25CF%25BF%25CD%25C0%25CC%25B5%25B7%25B0%25A1%25BD%25BA.png,"9,000",3.8
은화수식당 아산호서대점,돈가스,충남 아산시 배방읍 호서로79번길 14,치즈돈가스,https://search.pstatic.net/common/?autoRotate=true&quality=95&type=f320_320&src=https%3A%2F%2Fldb-phinf.pstatic.net%2F20220203_171%2F1643857001783MhfG9_PNG%2F%25C4%25A1%25C1%25EE%25B5%25B7%25B0%25A1%25BD%25BA.png,"9,500",3.8
은화수식당 아산호서대점,돈가스,충남 아산시 배방읍 호서로79번길 14,기본카레,https://search.pstatic.net/common/?autoRotate=true&quality=95&type=f320_320&src=https%3A%2F%2Fldb-phinf.pstatic.net%2F20220203_19%2F1643856918864iSGw5_PNG%2F%25B1%25E2%25BA%25BB%25C4%25AB%25B7%25B9.png,"7,000",3.8
버거운버거 아산호서대점,햄버거,충남 아산시 배방읍 호서로79번길 11 1층,싱글통다리 세트,https://search.pstatic.net/common/?autoRotate=true&quality=95&type=f320_320&src=http%3A%2F%2Fimagefarm.baemin.com%2Fsmartmenuimage%2Fupload%2Fimage%2F2023%2F8%2F22%2FMkj-mYlcOyW4FopgU39rqK8hfc0fuZbJTJc_yH9kSZ50NiwGj0gj4bsuUipmWNkSzkdPj62BPOSkmJyy_H9Io2BKajZyKoBvJuBDjSqior8%3D.jpg,"10,900",2.8
버거운버거 아산호서대점,햄버거,충남 아산시 배방읍 호서로79번길 11 1층,커플통다리 세트,https://search.pstatic.net/common/?autoRotate=true&quality=95&type=f320_320&src=http%3A%2F%2Fimagefarm.baemin.com%2Fsmartmenuimage%2Fupload%2Fimage%2F2023%2F8%2F22%2FVt8l3bnGCQNCoUEVC4D_3K-IPN_WeA5JqNir5E-A0qYb6tVvMQG0u5nxRst9a7BHK4ptoz3LCLZum4COO1lEcla_OTdNXPhDS0CO11deDmc%3D.jpg,"17,900",2.8
버거운버거 아산호서대점,햄버거,충남 아산시 배방읍 호서로79번길 11 1층,버거운패밀리 세트,https://search.pstatic.net/common/?autoRotate=true&quality=95&type=f320_320&src=http%3A%2F%2Fimagefarm.baemin.com%2Fsmartmenuimage%2Fupload%2Fimage%2F2023%2F8%2F22%2F02cUlObs0QpvUNE5q0B7J75hg5t0Q-Kk8PXS0r9uYwh4rMhNoiroTDp8UjfsGNUz-L4c5-jgO5d-7DjRILSoFXG6vhZE5ohxkl1QpzSAQSo%3D.jpg,"26,000",2.8
버거운버거 아산호서대점,햄버거,충남 아산시 배방읍 호서로79번길 11 1층,한입강정 SET(1인분),https://search.pstatic.net/common/?autoRotate=true&quality=95&type=f320_320&src=http%3A%2F%2Fimagefarm.baemin.com%2Fsmartmenuimage%2Fupload%2Fimage%2F2023%2F8%2F22%2F6mpORcDINxRC9QBpTGiO3puC5ekitgvBDRuEYmzy9Mxx3dhzvUyo9P8WI09yJR2BmSZHhokAwfSw9AflsF3x_Peg2Pi_v2aWcVAFWgj3MPk%3D.jpg,"10,000",2.8
버거운버거 아산호서대점,햄버거,충남 아산시 배방읍 호서로79번길 11 1층,한입치킨 SET(1~2인분),https://search.pstatic.net/common/?autoRotate=true&quality=95&type=f320_320&src=http%3A%2F%2Fimagefarm.baemin.com%2Fsmartmenuimage%2Fupload%2Fimage%2F2023%2F8%2F22%2FHpi2HNuzts6UhUCz6E-dnxy94iWsMBafaUspzAQq07OtcyKEo_HldUra8HI_r4-bzMReT8Yyj9RfkG7kiAdROwfpM7LtFbnQW7IR4-d6ghM%3D.jpg,"15,500",2.8
버거운버거 아산호서대점,햄버거,충남 아산시 배방읍 호서로79번길 11 1층,비프해쉬버거 세트(NEW),https://search.pstatic.net/common/?autoRotate=true&quality=95&type=f320_320&src=http%3A%2F%2Fimagefarm.baemin.com%2Fsmartmenuimage%2Fupload%2Fimage%2F2023%2F11%2F21%2Fo8ezGbVDPUOFNLIxwWKmGOgJou0Fyd8lrUNPmXFj2eZzshcrymo0jYvZqQ-YkddH.jpg,"9,200",2.8
버거운버거 아산호서대점,햄버거,충남 아산시 배방읍 호서로79번길 11 1층,불닭치즈카츠버거(불닭소스) 세트(세트),https://search.pstatic.net/common/?autoRotate=true&quality=95&type=f320_320&src=http%3A%2F%2Fimagefarm.baemin.com%2Fsmartmenuimage%2Fupload%2Fimage%2F2023%2F8%2F23%2Fx1-Pom5qDkdongGeI7R3IJWsOrkk-7i3pbrSX5FKv2WdvLZziXJToXRou43Q_ep5JOX2EzRnUhKi0DeVaggd7u5j4r6_36KwGksE2LykN9g%3D.jpg,"10,300",2.8
버거운버거 아산호서대점,햄버거,충남 아산시 배방읍 호서로79번길 11 1층,블랙치즈카츠버거(블랙패퍼) 세트(세트),https://search.pstatic.net/common/?autoRotate=true&quality=95&type=f320_320&src=http%3A%2F%2Fimagefarm.baemin.com%2Fsmartmenuimage%2Fupload%2Fimage%2F2023%2F8%2F23%2Fi1IOic4DNdqdNw8rPsGEmS2hxL2m300ncV_Vb0toQWeoy2o_8MuoaGHUajaYv_Z71UtGVUzMaY16xEmmh3iCndzLR3uRxIndyQiaFLak_2E%3D.jpg,"7,600",2.8
버거운버거 아산호서대점,햄버거,충남 아산시 배방읍 호서로79번길 11 1층,딥치즈치킨버거 세트(세트),https://search.pstatic.net/common/?autoRotate=true&quality=95&type=f320_320&src=http%3A%2F%2Fimagefarm.baemin.com%2Fsmartmenuimage%2Fupload%2Fimage%2F2023%2F8%2F23%2FNVqOA29SZzqIywlLfnjl1vV8XEC_hZyCa945p0t2z-J3ypJMbHbtTezMQjs3LcyPnxiFzjdXo1mPCDviA066_3wSH_FqSkA7w30ZrFZfk5k%3D.jpg,"7,400",2.8
버거운버거 아산호서대점,햄버거,충남 아산시 배방읍 호서로79번길 11 1층,버거운치킨버거 세트(세트),https://search.pstatic.net/common/?autoRotate=true&quality=95&type=f320_320&src=http%3A%2F%2Fimagefarm.baemin.com%2Fsmartmenuimage%2Fupload%2Fimage%2F2023%2F8%2F23%2FrY9Fj-DkAY8X4Hvse8zqYyMk8LnrGvTGMWl666rmZYSeJfUvMJ4Mp2FfSa6_QyRs8n4ubtuvLjorB3dbmdkRKS2dKsWWJbIPzPBlOxWtKY0%3D.jpg,"6,900",2.8
버거운버거 아산호서대점,햄버거,충남 아산시 배방읍 호서로79번길 11 1층,달콤비프치즈베이크 세트(세트),https://search.pstatic.net/common/?autoRotate=true&quality=95&type=f320_320&src=http%3A%2F%2Fimagefarm.baemin.com%2Fsmartmenuimage%2Fupload%2Fimage%2F2023%2F8%2F22%2FjxhmjPPkLd1iwCWfL_dC0MlrlbBilg5ILbLk70EMZVZSYrwFPosm3odKiytcIMyx27L1ICgkVGRJzpl2JZL89HAoniK0bN0lHXMSsoBUjP0%3D.jpg,"7,800",2.8
버거운버거 아산호서대점,햄버거,충남 아산시 배방읍 호서로79번길 11 1층,매콤치킨치즈베이크 세트(세트),https://search.pstatic.net/common/?autoRotate=true&quality=95&type=f320_320&src=http%3A%2F%2Fimagefarm.baemin.com%2Fsmartmenuimage%2Fupload%2Fimage%2F2023%2F8%2F22%2Ft2LE7oJgdUdQ03vuVwYNuT35KtkB3x_Q2dOTknpkCOWbotxJGNwOPKPG0cchstCDoq91--15dfYnfDVxnqVmpClKdMtdYpwX6n97HoYsq2o%3D.jpg,"7,200",2.8
버거운버거 아산호서대점,햄버거,충남 아산시 배방읍 호서로79번길 11 1층,쉬림프치즈베이크 세트(세트),https://search.pstatic.net/common/?autoRotate=true&quality=95&type=f320_320&src=http%3A%2F%2Fimagefarm.baemin.com%2Fsmartmenuimage%2Fupload%2Fimage%2F2023%2F8%2F22%2FtqEwkgEv2JTUOvWTQurq4ayGR1NRrth6-MIaAaP_Z7Sonx2htZa8dsMmZMgWN6fGE98vMlr2SBvq2Zzq2MwSBant12RGmIJJ0JtKbCdfuxA%3D.jpg,"7,700",2.8
버거운버거 아산호서대점,햄버거,충남 아산시 배방읍 호서로79번길 11 1층,소시지치즈베이크 세트(세트),https://search.pstatic.net/common/?autoRotate=true&quality=95&type=f320_320&src=http%3A%2F%2Fimagefarm.baemin.com%2Fsmartmenuimage%2Fupload%2Fimage%2F2023%2F8%2F22%2FyOiDSo_YqFLWRayl3i7gqyW3ozan5Kls9MAumsvai96Ohnm1wF5a4y0Y3avDAy0cIeKt8Xr_zuVAB716xinUTyKVIBUGgx736I9PW7FY_FI%3D.jpg,"7,200",2.8
버거운버거 아산호서대점,햄버거,충남 아산시 배방읍 호서로79번길 11 1층,콘치즈베이크 세트,https://search.pstatic.net/common/?autoRotate=true&quality=95&type=f320_320&src=http%3A%2F%2Fimagefarm.baemin.com%2Fsmartmenuimage%2Fupload%2Fimage%2F2023%2F8%2F22%2F_pmhGh1xgUhSXLznuVSXQReaW0LfH6cTzGf8nv_MrSCHbWvGdWxVSeYMJM25LHkrPFIbQuS6Tt8lSqaqmyD9hHlSX-UiqfmfH8wqeP2ZDIc%3D.jpg,"7,100",2.8
버거운버거 아산호서대점,햄버거,충남 아산시 배방읍 호서로79번길 11 1층,불닭레드핫 강정(소),https://search.pstatic.net/common/?autoRotate=true&quality=95&type=f320_320&src=http%3A%2F%2Fimagefarm.baemin.com%2Fsmartmenuimage%2Fupload%2Fimage%2F2023%2F8%2F22%2FBODNw01FrPLXLhUvHYLCdlH6nSciMhDffWxJv_FcXitKjNq9OAO-5ZgqdgEeO-Rvs-fZiNORvsBvyy3cb2uYPO3ljLuoIQ6Emt52yG8fc1Y%3D.jpg,"5,000",2.8
버거운버거 아산호서대점,햄버거,충남 아산시 배방읍 호서로79번길 11 1층,불닭레드핫 강정(중),https://search.pstatic.net/common/?autoRotate=true&quality=95&type=f320_320&src=http%3A%2F%2Fimagefarm.baemin.com%2Fsmartmenuimage%2Fupload%2Fimage%2F2023%2F8%2F22%2FBODNw01FrPLXLhUvHYLCdlH6nSciMhDffWxJv_FcXitKjNq9OAO-5ZgqdgEeO-Rvs-fZiNORvsBvyy3cb2uYPO3ljLuoIQ6Emt52yG8fc1Y%3D.jpg,"10,000",2.8
버거운버거 아산호서대점,햄버거,충남 아산시 배방읍 호서로79번길 11 1층,케이준순살강정(소),https://search.pstatic.net/common/?autoRotate=true&quality=95&type=f320_320&src=http%3A%2F%2Fimagefarm.baemin.com%2Fsmartmenuimage%2Fupload%2Fimage%2F2023%2F8%2F22%2Fht_58OwqahA9cwjuddsJIOYd3RnuzcyeWxa9stmQ_EacDDBF482SZS82R_8zTilRKQfX2xRIYlhzAmhh7x74I-l2sIWV4ii4B6Ta7BN3sc0%3D.jpg,"4,500",2.8
버거운버거 아산호서대점,햄버거,충남 아산시 배방읍 호서로79번길 11 1층,케이준순살강정(중),https://search.pstatic.net/common/?autoRotate=true&quality=95&type=f320_320&src=http%3A%2F%2Fimagefarm.baemin.com%2Fsmartmenuimage%2Fupload%2Fimage%2F2023%2F8%2F22%2Fht_58OwqahA9cwjuddsJIOYd3RnuzcyeWxa9stmQ_EacDDBF482SZS82R_8zTilRKQfX2xRIYlhzAmhh7x74I-l2sIWV4ii4B6Ta7BN3sc0%3D.jpg,"9,000",2.8
버거운버거 아산호서대점,햄버거,충남 아산시 배방읍 호서로79번길 11 1층,화이트어니언강정(소),https://search.pstatic.net/common/?autoRotate=true&quality=95&type=f320_320&src=http%3A%2F%2Fimagefarm.baemin.com%2Fsmartmenuimage%2Fupload%2Fimage%2F2023%2F8%2F22%2FicQfYuTgpYjGBIpQWBlGe_J3ZngWFcjctnLjdItkUJ2jUE0-ep-hatb2N1ZSerG923MLeWKkbBVBjM0L6c-YlPKAgecFC7-2z5KGY75ZwaE%3D.jpg,"5,000",2.8
버거운버거 아산호서대점,햄버거,충남 아산시 배방읍 호서로79번길 11 1층,후라이드 치킨(반마리),https://search.pstatic.net/common/?autoRotate=true&quality=95&type=f320_320&src=http%3A%2F%2Fimagefarm.baemin.com%2Fsmartmenuimage%2Fupload%2Fimage%2F2023%2F8%2F22%2Fyf0BaEFprcuxC_NvMJpLtj31yYk6qKEkuFWBd9o4BtFe8c55l4lwWJ5eyd-aPy7LFxOrMSyCbZzRxnxuSXXIORuiq6gErwWEi1s-9RnLj54%3D.jpg,"9,900",2.8
버거운버거 아산호서대점,햄버거,충남 아산시 배방읍 호서로79번길 11 1층,순살후라이드(순살 후라이드(기본)),https://search.pstatic.net/common/?autoRotate=true&quality=95&type=f320_320&src=http%3A%2F%2Fimagefarm.baemin.com%2Fsmartmenuimage%2Fupload%2Fimage%2F2023%2F8%2F22%2Fngt6tRnmoAoA3VbP_iy7hsZq0rMFyEthmGE8fmNqpz1vgtMF_OHkPQpZELqzAtkWTJgdB958-LDFQHJkL1BHAN1LLgkd6UeizUkqqF0Ac-8%3D.jpg,"10,900",2.8
버거운버거 아산호서대점,햄버거,충남 아산시 배방읍 호서로79번길 11 1층,순살후라이드(순살 양념 변경),https://search.pstatic.net/common/?autoRotate=true&quality=95&type=f320_320&src=http%3A%2F%2Fimagefarm.baemin.com%2Fsmartmenuimage%2Fupload%2Fimage%2F2023%2F8%2F22%2Fngt6tRnmoAoA3VbP_iy7hsZq0rMFyEthmGE8fmNqpz1vgtMF_OHkPQpZELqzAtkWTJgdB958-LDFQHJkL1BHAN1LLgkd6UeizUkqqF0Ac-8%3D.jpg,"11,900",2.8
버거운버거 아산호서대점,햄버거,충남 아산시 배방읍 호서로79번길 11 1층,순살후라이드(순살 매운양념 변경),https://search.pstatic.net/common/?autoRotate=true&quality=95&type=f320_320&src=http%3A%2F%2Fimagefarm.baemin.com%2Fsmartmenuimage%2Fupload%2Fimage%2F2023%2F8%2F22%2Fngt6tRnmoAoA3VbP_iy7hsZq0rMFyEthmGE8fmNqpz1vgtMF_OHkPQpZELqzAtkWTJgdB958-LDFQHJkL1BHAN1LLgkd6UeizUkqqF0Ac-8%3D.jpg,"12,900",2.8
버거운버거 아산호서대점,햄버거,충남 아산시 배방읍 호서로79번길 11 1층,순살후라이드(순살 소이마요 변경),https://search.pstatic.net/common/?autoRotate=true&quality=95&type=f320_320&src=http%3A%2F%2Fimagefarm.baemin.com%2Fsmartmenuimage%2Fupload%2Fimage%2F2023%2F8%2F22%2Fngt6tRnmoAoA3VbP_iy7hsZq0rMFyEthmGE8fmNqpz1vgtMF_OHkPQpZELqzAtkWTJgdB958-LDFQHJkL1BHAN1LLgkd6UeizUkqqF0Ac-8%3D.jpg,"11,900",2.8
버거운버거 아산호서대점,햄버거,충남 아산시 배방읍 호서로79번길 11 1층,비프해쉬버거(NEW),https://search.pstatic.net/common/?autoRotate=true&quality=95&type=f320_320&src=http%3A%2F%2Fimagefarm.baemin.com%2Fsmartmenuimage%2Fupload%2Fimage%2F2023%2F11%2F21%2Fo8ezGbVDPUOFNLIxwWKmGKLwAEW2iHtPCcUEagGyPWIYKbVsiD1TK4wtyYkuU-AE.jpg,"6,900",2.8
버거운버거 아산호서대점,햄버거,충남 아산시 배방읍 호서로79번길 11 1층,불닭치즈카츠버거(불닭소스),https://search.pstatic.net/common/?autoRotate=true&quality=95&type=f320_320&src=http%3A%2F%2Fimagefarm.baemin.com%2Fsmartmenuimage%2Fupload%2Fimage%2F2023%2F8%2F22%2FUm57_sLsWaKW3CysolQHVm6LViVUQZtpsjeY_yub0EvpE9pRTXFtKRpd2UrtrEkeDuljYqEGmb3Z052k2mwFZP-_SRfUcOTeqjnfW9X6zrs%3D.jpg,"8,000",2.8
버거운버거 아산호서대점,햄버거,충남 아산시 배방읍 호서로79번길 11 1층,블랙치즈카츠버거 (블랙패퍼),https://search.pstatic.net/common/?autoRotate=true&quality=95&type=f320_320&src=http%3A%2F%2Fimagefarm.baemin.com%2Fsmartmenuimage%2Fupload%2Fimage%2F2023%2F8%2F22%2FqvSqLqL1pEiTkPr38nIRlIIbg5TX3GO4RkXwWItdqg-QreZyZpIF4lPzJapqPllb_YMQL9Fq-T_XLhM-1m4N7rcZ28aQ4FGqmRnYSPH-gWc%3D.jpg,"5,300",2.8
버거운버거 아산호서대점,햄버거,충남 아산시 배방읍 호서로79번길 11 1층,딥치즈치킨버거,https://search.pstatic.net/common/?autoRotate=true&quality=95&type=f320_320&src=http%3A%2F%2Fimagefarm.baemin.com%2Fsmartmenuimage%2Fupload%2Fimage%2F2023%2F8%2F22%2FfPVhHtVxyT1-spPyOjmzRgNbkPpGhTtXlh_40pyAllZYC4dPD7fO1l4yVKkKA9MwNHGqGQsP-UR74BWUFyfefCCUeTuQC3M_PrA6LOv0CZ0%3D.jpg,"5,100",2.8
버거운버거 아산호서대점,햄버거,충남 아산시 배방읍 호서로79번길 11 1층,버거운치킨버거(단품),https://search.pstatic.net/common/?autoRotate=true&quality=95&type=f320_320&src=http%3A%2F%2Fimagefarm.baemin.com%2Fsmartmenuimage%2Fupload%2Fimage%2F2023%2F8%2F22%2FJFA3NpfBioOVnEKlrty_yhX1BRQoYCsgZAgcJUu5VtZuzYuS6nvvXqk5WpVQ2Nwf58O8w9uP6M4ZduIUrT4FhdvlB_DgnPgE2ht_JCx3p5E%3D.jpg,"4,600",2.8
버거운버거 아산호서대점,햄버거,충남 아산시 배방읍 호서로79번길 11 1층,달콤비프치즈베이크(단품),https://search.pstatic.net/common/?autoRotate=true&quality=95&type=f320_320&src=http%3A%2F%2Fimagefarm.baemin.com%2Fsmartmenuimage%2Fupload%2Fimage%2F2023%2F8%2F22%2Fp9O5PlGC1s-ndrgOZf41P1Q-RzitodTbTUlhrEjSqpIMumKsTCTEatlAVbLdFDsAGBxvOW9IY8Z_X4CB52mD8DdnJA4t7fEHct-L-jS5V0U%3D.jpg,"5,500",2.8
버거운버거 아산호서대점,햄버거,충남 아산시 배방읍 호서로79번길 11 1층,소시지치즈베이크(단품),https://search.pstatic.net/common/?autoRotate=true&quality=95&type=f320_320&src=http%3A%2F%2Fimagefarm.baemin.com%2Fsmartmenuimage%2Fupload%2Fimage%2F2023%2F8%2F22%2F-5aQN62ofrm3W8QmjaoZiS63K_xpuyB4A923Oq7KQJcSd_cBCyL0dHiR5TCwyD8NrjtkdZDxyejTO0Zmg10yNhruw9z9IM3smRwydDY9vhI%3D.jpg,"4,900",2.8
버거운버거 아산호서대점,햄버거,충남 아산시 배방읍 호서로79번길 11 1층,매콤치킨치즈베이크(단품),https://search.pstatic.net/common/?autoRotate=true&quality=95&type=f320_320&src=http%3A%2F%2Fimagefarm.baemin.com%2Fsmartmenuimage%2Fupload%2Fimage%2F2023%2F8%2F22%2FAYT6Cam0mbYK4XpAbx3VW7m_CPHPCro6waZ925uwvw0X_mkYbQGo5N7cdINXJGAELeMGRytkTVZElg06uOjlpgucXbc_vgnEGfLLer0XwQM%3D.jpg,"4,900",2.8
버거운버거 아산호서대점,햄버거,충남 아산시 배방읍 호서로79번길 11 1층,풀치즈베이크(단품),https://search.pstatic.net/common/?autoRotate=true&quality=95&type=f320_320&src=http%3A%2F%2Fimagefarm.baemin.com%2Fsmartmenuimage%2Fupload%2Fimage%2F2023%2F8%2F22%2F4RYhkVP11eSsVEoODe_0nW4fjvxrYI4zPqkmDFd_Q0qzqYPDtM34Adv2P4kuTdRUdu7HAPZS_NN5KYihbXxiOWjfZ8OJBdu9jgh8tUn3d8w%3D.jpg,"4,400",2.8
버거운버거 아산호서대점,햄버거,충남 아산시 배방읍 호서로79번길 11 1층,콘치즈베이크(단품),https://search.pstatic.net/common/?autoRotate=true&quality=95&type=f320_320&src=http%3A%2F%2Fimagefarm.baemin.com%2Fsmartmenuimage%2Fupload%2Fimage%2F2023%2F8%2F22%2FVi-uP2mFm1WZWuLYIFjPVJnNSnohfcRB5Kiv5qUhHMifk8ARQhCF4VxRJ8gk9Oac5r7qt299RI75UZvTWUUMHASrEPW6h0-6XYCp6mSIpKU%3D.jpg,"4,800",2.8
버거운버거 아산호서대점,햄버거,충남 아산시 배방읍 호서로79번길 11 1층,치킨너겟(NEW)(4조각),https://search.pstatic.net/common/?autoRotate=true&quality=95&type=f320_320&src=http%3A%2F%2Fimagefarm.baemin.com%2Fsmartmenuimage%2Fupload%2Fimage%2F2024%2F2%2F21%2FG-DB9_JWwjTMPPiJwFdpHYHg52mq5R2jwJZzPTZW9eBmnWFRMTMHRVFNVvTg4A6v.jpg,"2,000",2.8
버거운버거 아산호서대점,햄버거,충남 아산시 배방읍 호서로79번길 11 1층,치킨너겟(NEW)(10조각),https://search.pstatic.net/common/?autoRotate=true&quality=95&type=f320_320&src=http%3A%2F%2Fimagefarm.baemin.com%2Fsmartmenuimage%2Fupload%2Fimage%2F2024%2F2%2F21%2FG-DB9_JWwjTMPPiJwFdpHYHg52mq5R2jwJZzPTZW9eBmnWFRMTMHRVFNVvTg4A6v.jpg,"5,000",2.8
버거운버거 아산호서대점,햄버거,충남 아산시 배방읍 호서로79번길 11 1층,오징어링 5조각(new),https://search.pstatic.net/common/?autoRotate=true&quality=95&type=f320_320&src=http%3A%2F%2Fimagefarm.baemin.com%2Fsmartmenuimage%2Fupload%2Fimage%2F2024%2F2%2F15%2F3-TO4HSUIdMdvx9rhf7X2tLbQ9vATVYVtZZVVv_7zDnzB1pSFZ9vsKbyIeqBWpHs.jpg,"3,500",2.8
버거운버거 아산호서대점,햄버거,충남 아산시 배방읍 호서로79번길 11 1층,김말이 10조각 + 양념소스(10조각),https://search.pstatic.net/common/?autoRotate=true&quality=95&type=f320_320&src=http%3A%2F%2Fimagefarm.baemin.com%2Fsmartmenuimage%2Fupload%2Fimage%2F2023%2F9%2F4%2FeLNMxDL3IKBCOezsiG_evjRlnNk2Mo8x1VCzUZDZNZn-CVu_f-jMi2fsRCZydSof.jpg,"3,000",2.8
버거운버거 아산호서대점,햄버거,충남 아산시 배방읍 호서로79번길 11 1층,케이준양념감자(소),https://search.pstatic.net/common/?autoRotate=true&quality=95&type=f320_320&src=http%3A%2F%2Fimagefarm.baemin.com%2Fsmartmenuimage%2Fupload%2Fimage%2F2023%2F8%2F18%2FKG3_BHpb6BkcYHRYqinq28-XeK9jkFY7h0GHP2n-ffLZEG9WVxyMcbKsNKLBfeHH.jpg,"2,000",2.8
버거운버거 아산호서대점,햄버거,충남 아산시 배방읍 호서로79번길 11 1층,콘샐러드,https://search.pstatic.net/common/?autoRotate=true&quality=95&type=f320_320&src=http%3A%2F%2Fimagefarm.baemin.com%2Fsmartmenuimage%2Fupload%2Fimage%2F2023%2F5%2F16%2F7I4q6G5f71hy2T-V2l9p7Z2mkMQ_VZ5njEW6qmY2V-SH8C0hCss3ztASAa_w7RoB.jpg,"2,000",2.8
버거운버거 아산호서대점,햄버거,충남 아산시 배방읍 호서로79번길 11 1층,그린베이컨샐러드,https://search.pstatic.net/common/?autoRotate=true&quality=95&type=f320_320&src=http%3A%2F%2Fimagefarm.baemin.com%2Fsmartmenuimage%2Fupload%2Fimage%2F2023%2F5%2F16%2F7I4q6G5f71hy2T-V2l9p7YzcgrqhTPGnAMhXku1-3Z1ZN8YVsYcQy3ZS5-61LYly.jpg,"3,800",2.8
버거운버거 아산호서대점,햄버거,충남 아산시 배방읍 호서로79번길 11 1층,치킨텐더샐러드,https://search.pstatic.net/common/?autoRotate=true&quality=95&type=f320_320&src=http%3A%2F%2Fimagefarm.baemin.com%2Fsmartmenuimage%2Fupload%2Fimage%2F2023%2F5%2F16%2F7I4q6G5f71hy2T-V2l9p7esjUMdVH1S3FP4zaZ8YVqm8GGHo6zHva7DTwBL6i1qM.jpg,"4,600",2.8
버거운버거 아산호서대점,햄버거,충남 아산시 배방읍 호서로79번길 11 1층,쉬림프샐러드,https://search.pstatic.net/common/?autoRotate=true&quality=95&type=f320_320&src=http%3A%2F%2Fimagefarm.baemin.com%2Fsmartmenuimage%2Fupload%2Fimage%2F2023%2F5%2F16%2F7I4q6G5f71hy2T-V2l9p7UfpubvLKzAg686nYijscwC7rV30sw_AilEZHqu6w1wd.jpg,"5,500",2.8
버거운버거 아산호서대점,햄버거,충남 아산시 배방읍 호서로79번길 11 1층,(ICE)콜라,https://search.pstatic.net/common/?autoRotate=true&quality=95&type=f320_320&src=http%3A%2F%2Fimagefarm.baemin.com%2Fsmartmenuimage%2Fupload%2Fimage%2F2023%2F3%2F17%2FFNELADlJEvHZS7fyzl36pyG_tTr-dTK3s-26-7DA_doUB6iizvGntkoMzrKmSeny.jpg,"1,900",2.8
버거운버거 아산호서대점,햄버거,충남 아산시 배방읍 호서로79번길 11 1층,(ICE)사이다,https://search.pstatic.net/common/?autoRotate=true&quality=95&type=f320_320&src=http%3A%2F%2Fimagefarm.baemin.com%2Fsmartmenuimage%2Fupload%2Fimage%2F2023%2F5%2F17%2FcWhkV9VBBRISqbCuhW8O7hB947JAnKkmd-dKUu2zq3LEoZQYhuGmZO29F7jVzpX-.jpg,"1,900",2.8
버거운버거 아산호서대점,햄버거,충남 아산시 배방읍 호서로79번길 11 1층,(ICE)제로콜라,https://search.pstatic.net/common/?autoRotate=true&quality=95&type=f320_320&src=http%3A%2F%2Fimagefarm.baemin.com%2Fsmartmenuimage%2Fupload%2Fimage%2F2023%2F5%2F16%2FtUfRKFHF8HdPzuoCOWpR_BKQi0bhYs9uFBeby3KdHLjCpzf3zdVKrYxlslks_vEi.jpg,"1,900",2.8
버거운버거 아산호서대점,햄버거,충남 아산시 배방읍 호서로79번길 11 1층,오렌지쥬스(400ml),https://search.pstatic.net/common/?autoRotate=true&quality=95&type=f320_320&src=http%3A%2F%2Fimagefarm.baemin.com%2Fsmartmenuimage%2Fupload%2Fimage%2F2021%2F10%2F13%2FsuUg9HsyYx6XObdoR2VAWXVeB3UpdRiqXJvbBvG849Tv4KoF1JoklpOspzMW1N7Z.jpg,"2,500",2.8
버거운버거 아산호서대점,햄버거,충남 아산시 배방읍 호서로79번길 11 1층,(ICE)아이스티,https://search.pstatic.net/common/?autoRotate=true&quality=95&type=f320_320&src=http%3A%2F%2Fimagefarm.baemin.com%2Fsmartmenuimage%2Fupload%2Fimage%2F2021%2F10%2F13%2FsuUg9HsyYx6XObdoR2VAWRZClkoX_vo6eP9rDwoZMI4V_5coDZaiBZLQvXvElQUh.jpg,"2,500",2.8
메가MGC커피 아산호서대점,카페,충남 아산시 배방읍 호서로79번길 19,아메리카노,https://search.pstatic.net/common/?autoRotate=true&quality=95&type=f320_320&src=https%3A%2F%2Fldb-phinf.pstatic.net%2F20210723_23%2F1627017004891fcRAE_PNG%2F-WmkA0Dut5CZFxjxti35v4H8.png,"1,500",3.7
메가MGC커피 아산호서대점,카페,충남 아산시 배방읍 호서로79번길 19,딸기라떼,https://search.pstatic.net/common/?autoRotate=true&quality=95&type=f320_320&src=https%3A%2F%2Fldb-phinf.pstatic.net%2F20210723_163%2F1627017035120pThdM_PNG%2FZ7dc7qqDVyN4elaVhua1dME4.png,"3,500",3.7
마포집,"육류,고기요리",충남 아산시 배방읍 호서로79번길 19 2층,제육볶음,https://search.pstatic.net/common/?autoRotate=true&quality=95&type=f320_320&src=https%3A%2F%2Fldb-phinf.pstatic.net%2F20230818_222%2F1692362223170c4kEM_JPEG%2F1632479498688.jpg,"9,500",3.2
마포집,"육류,고기요리",충남 아산시 배방읍 호서로79번길 19 2층,치즈알밥,https://search.pstatic.net/common/?autoRotate=true&quality=95&type=f320_320&src=https%3A%2F%2Fldb-phinf.pstatic.net%2F20230818_256%2F1692361945301uO99J_JPEG%2F1632481736847.jpg,"9,500",3.2
마포집,"육류,고기요리",충남 아산시 배방읍 호서로79번길 19 2층,돌솥비빔밥,https://search.pstatic.net/common/?autoRotate=true&quality=95&type=f320_320&src=https%3A%2F%2Fldb-phinf.pstatic.net%2F20230818_162%2F1692362094625uTdQe_JPEG%2F1632479105257.jpg,"9,000",3.2
마포집,"육류,고기요리",충남 아산시 배방읍 호서로79번길 19 2층,등심돈까스(국내산),https://search.pstatic.net/common/?autoRotate=true&quality=95&type=f320_320&src=https%3A%2F%2Fldb-phinf.pstatic.net%2F20240219_59%2F1708337430758lQOt8_JPEG%2F1632481747374.jpg,"9,500",3.2
마포집,"육류,고기요리",충남 아산시 배방읍 호서로79번길 19 2층,생고기김치찌개,https://search.pstatic.net/common/?autoRotate=true&quality=95&type=f320_320&src=https%3A%2F%2Fldb-phinf.pstatic.net%2F20230818_295%2F16923566494677XraJ_JPEG%2F191028_121547_5.jpeg,"8,500",3.2
마포집,"육류,고기요리",충남 아산시 배방읍 호서로79번길 19 2층,비빔밥,https://search.pstatic.net/common/?autoRotate=true&quality=95&type=f320_320&src=https%3A%2F%2Fldb-phinf.pstatic.net%2F20230818_145%2F1692360966906VR5JL_JPEG%2F20210926_180134.jpg,"8,500",3.2
마포집,"육류,고기요리",충남 아산시 배방읍 호서로79번길 19 2층,비빔냉면,https://search.pstatic.net/common/?autoRotate=true&quality=95&type=f320_320&src=https%3A%2F%2Fldb-phinf.pstatic.net%2F20230819_129%2F1692413984520XLdxY_JPEG%2F1632481725778.jpg,"8,000",3.2
마포집,"육류,고기요리",충남 아산시 배방읍 호서로79번길 19 2층,물냉면,https://search.pstatic.net/common/?autoRotate=true&quality=95&type=f320_320&src=https%3A%2F%2Fldb-phinf.pstatic.net%2F20230818_278%2F1692356855579OmWN1_JPEG%2F20191026_232442.jpg,"7,000",3.2
마포집,"육류,고기요리",충남 아산시 배방읍 호서로79번길 19 2층,된장찌개,https://search.pstatic.net/common/?autoRotate=true&quality=95&type=f320_320&src=https%3A%2F%2Fldb-phinf.pstatic.net%2F20230818_188%2F1692356685869sFswQ_JPEG%2F191028_121547_2.jpeg,"7,500",3.2
마포집,"육류,고기요리",충남 아산시 배방읍 호서로79번길 19 2층,순두부찌개,https://search.pstatic.net/common/?autoRotate=true&quality=95&type=f320_320&src=https%3A%2F%2Fldb-phinf.pstatic.net%2F20230819_112%2F16924138502925MlQC_JPEG%2F1632481757278.jpg,"7,500",3.2
마포집,"육류,고기요리",충남 아산시 배방읍 호서로79번길 19 2층,냄비라면,https://search.pstatic.net/common/?autoRotate=true&quality=95&type=f320_320&src=https%3A%2F%2Fldb-phinf.pstatic.net%2F20230818_146%2F1692356890169cps7a_JPEG%2F20191104_134810.jpg,"4,000",3.2
마포집,"육류,고기요리",충남 아산시 배방읍 호서로79번길 19 2층,계란찜,https://search.pstatic.net/common/?autoRotate=true&quality=95&type=f320_320&src=https%3A%2F%2Fldb-phinf.pstatic.net%2F20230819_291%2F1692414110710OuxUS_JPEG%2F1632481729880.jpg,"4,000",3.2
마포집,"육류,고기요리",충남 아산시 배방읍 호서로79번길 19 2층,수입냉동삼겹살(고원돈)(180g),,"10,000",3.2
마포집,"육류,고기요리",충남 아산시 배방읍 호서로79번길 19 2층,국내산 생 삼겹살(포크빌)(180g),,"15,000",3.2
한솥도시락 아산호서대점,"도시락,컵밥",충남 아산시 배방읍 호서로79번길 15 오락타운,동백,https://search.pstatic.net/common/?autoRotate=true&quality=95&type=f320_320&src=https%3A%2F%2Fldb-phinf.pstatic.net%2F20180912_284%2F1536742163305x8gsy_JPEG%2Fya_Sid1vMuJALTiKs4694dWK.jpg,"6,200",2.2
한솥도시락 아산호서대점,"도시락,컵밥",충남 아산시 배방읍 호서로79번길 15 오락타운,진달래,https://search.pstatic.net/common/?autoRotate=true&quality=95&type=f320_320&src=https%3A%2F%2Fldb-phinf.pstatic.net%2F20200108_32%2F1578468107049LK9Bq_PNG%2F8bOkPPLIsITL-DbUat95Cz9s.png,"8,000",2.2
한솥도시락 아산호서대점,"도시락,컵밥",충남 아산시 배방읍 호서로79번길 15 오락타운,새치 고기고기,https://search.pstatic.net/common/?autoRotate=true&quality=95&type=f320_320&src=https%3A%2F%2Fldb-phinf.pstatic.net%2F20180912_34%2F1536742133194yFDgM_JPEG%2FpY0Vqn30DtCt1XmbX6cK13QW.jpg,"7,100",2.2
한솥도시락 아산호서대점,"도시락,컵밥",충남 아산시 배방읍 호서로79번길 15 오락타운,돈까스도련님,https://search.pstatic.net/common/?autoRotate=true&quality=95&type=f320_320&src=https%3A%2F%2Fldb-phinf.pstatic.net%2F20180912_91%2F1536742344894IhaA1_JPEG%2FISrBQI8t8Sn-eJIFNq78UHmk.jpg,"4,900",2.2
한솥도시락 아산호서대점,"도시락,컵밥",충남 아산시 배방읍 호서로79번길 15 오락타운,치킨제육,https://search.pstatic.net/common/?autoRotate=true&quality=95&type=f320_320&src=https%3A%2F%2Fldb-phinf.pstatic.net%2F20180912_262%2F1536742617601AFxl7_JPEG%2FsGZBzuMOYQzZq6TRYq23Hkrk.jpg,"5,000",2.2
한솥도시락 아산호서대점,"도시락,컵밥",충남 아산시 배방읍 호서로79번길 15 오락타운,빅치킨마요,https://search.pstatic.net/common/?autoRotate=true&quality=95&type=f320_320&src=https%3A%2F%2Fldb-phinf.pstatic.net%2F20180912_105%2F1536743540291Kg1L2_JPEG%2FjV5gOW8oDg0R1hvDZZoQWXaX.jpg,"4,400",2.2
한솥도시락 아산호서대점,"도시락,컵밥",충남 아산시 배방읍 호서로79번길 15 오락타운,돈까스 카레,https://search.pstatic.net/common/?autoRotate=true&quality=95&type=f320_320&src=https%3A%2F%2Fldb-phinf.pstatic.net%2F20180912_21%2F1536743647623WB8L6_JPEG%2FgKiHOYn-JZJp-Vfrqq4-xvpg.jpg,"4,800",2.2
한솥도시락 아산호서대점,"도시락,컵밥",충남 아산시 배방읍 호서로79번길 15 오락타운,소불고기 철판볶음밥,https://search.pstatic.net/common/?autoRotate=true&quality=95&type=f320_320&src=https%3A%2F%2Fldb-phinf.pstatic.net%2F20180912_249%2F15367436312291jGaz_JPEG%2FiNUxaqY-9IVclvCh2erQdYh6.jpg,"5,100",2.2
한솥도시락 아산호서대점,"도시락,컵밥",충남 아산시 배방읍 호서로79번길 15 오락타운,왕카레돈까스 덮밥,https://search.pstatic.net/common/?autoRotate=true&quality=95&type=f320_320&src=https%3A%2F%2Fldb-phinf.pstatic.net%2F20180912_173%2F1536743931274NHiSA_JPEG%2FkQ2O93ZYJrrI12WZdPDBzTIl.jpg,"6,100",2.2
땡초우동 아산호서대점,"우동,소바",충남 아산시 배방읍 호서로79번길 12 1층 땡초우동,땡초 어묵,https://search.pstatic.net/common/?autoRotate=true&quality=95&type=f320_320&src=https%3A%2F%2Fldb-phinf.pstatic.net%2F20230830_87%2F1693377759070nsxER_JPEG%2F%25B6%25AF%25C3%25CA%25BB%25F5%25B7%25CE%25BF%25EE_%25B8%25DE%25B4%25BA%25C6%25C72.jpg,"5,000",4.6
땡초우동 아산호서대점,"우동,소바",충남 아산시 배방읍 호서로79번길 12 1층 땡초우동,땡초 우동,https://search.pstatic.net/common/?autoRotate=true&quality=95&type=f320_320&src=https%3A%2F%2Fldb-phinf.pstatic.net%2F20230830_193%2F1693377768170hFBED_JPEG%2F%25B6%25AF%25C3%25CA_%25BB%25F5%25B7%25CE%25BF%25EE_%25B8%25DE%25B4%25BA%25C6%25C71.jpg,"5,000",4.6
멕시카나치킨 아산호서대점,"치킨,닭강정",충남 아산시 배방읍 호서로 87 멕시카나치킨 아산호서대점,치토스치킨,https://search.pstatic.net/common/?autoRotate=true&quality=95&type=f320_320&src=https%3A%2F%2Fldb-phinf.pstatic.net%2F20230621_294%2F1687335284110xSXx7_PNG%2F%25C4%25A1%25C5%25E4%25BD%25BA%25C4%25A1%25C5%25B2_%25B4%25A9%25B3%25A2_%2528%25C0%25FA%25BF%25EB%25B7%25AE%2529.png,"20,000",2.2
멕시카나치킨 아산호서대점,"치킨,닭강정",충남 아산시 배방읍 호서로 87 멕시카나치킨 아산호서대점,깐풍요리치킨,https://search.pstatic.net/common/?autoRotate=true&quality=95&type=f320_320&src=https%3A%2F%2Fldb-phinf.pstatic.net%2F20231018_214%2F1697590454010eoOwz_PNG%2F%25B1%25F1%25C7%25B3%25BF%25E4%25B8%25AE%25C4%25A1%25C5%25B2%2528%25C0%25FA%25BF%25EB%25B7%25AE%2529_%25B4%25A9%25B3%25A2.png,"21,000",2.2
멕시카나치킨 아산호서대점,"치킨,닭강정",충남 아산시 배방읍 호서로 87 멕시카나치킨 아산호서대점,마늘알마니치킨,https://search.pstatic.net/common/?autoRotate=true&quality=95&type=f320_320&src=https%3A%2F%2Fldb-phinf.pstatic.net%2F20230621_29%2F1687334347365b4Nq9_PNG%2F%25B8%25B6%25B4%25C3%25BE%25CB%25B8%25B6%25B4%25CF%25C4%25A1%25C5%25B2_%25B4%25A9%25B3%25A2_%2528%25C0%25FA%25BF%25EB%25B7%25AE%2529.png,"21,000",2.2
멕시카나치킨 아산호서대점,"치킨,닭강정",충남 아산시 배방읍 호서로 87 멕시카나치킨 아산호서대점,모두의마요치킨,https://search.pstatic.net/common/?autoRotate=true&quality=95&type=f320_320&src=https%3A%2F%2Fldb-phinf.pstatic.net%2F20230621_190%2F1687334363590Q7Exz_PNG%2F%25B8%25F0%25B5%25CE%25C0%25C7%25B8%25B6%25BF%25E4%25C4%25A1%25C5%25B2_%25B4%25A9%25B3%25A2_%2528%25C0%25FA%25BF%25EB%25B7%25AE%2529.png,"20,000",2.2
멕시카나치킨 아산호서대점,"치킨,닭강정",충남 아산시 배방읍 호서로 87 멕시카나치킨 아산호서대점,후라이드치킨,https://search.pstatic.net/common/?autoRotate=true&quality=95&type=f320_320&src=https%3A%2F%2Fldb-phinf.pstatic.net%2F20230621_89%2F1687334379959LcvpC_PNG%2F%25C8%25C4%25B6%25F3%25C0%25CC%25B5%25E5_%25B4%25A9%25B3%25A2_%2528%25C0%25FA%25BF%25EB%25B7%25AE%2529.png,"18,000",2.2
멕시카나치킨 아산호서대점,"치킨,닭강정",충남 아산시 배방읍 호서로 87 멕시카나치킨 아산호서대점,양념치킨,https://search.pstatic.net/common/?autoRotate=true&quality=95&type=f320_320&src=https%3A%2F%2Fldb-phinf.pstatic.net%2F20230621_137%2F16873343941047X0Lg_PNG%2F%25BE%25E7%25B3%25E4%25C4%25A1%25C5%25B2_%25B4%25A9%25B3%25A2_%2528%25C0%25FA%25BF%25EB%25B7%25AE%2529.png,"19,000",2.2
멕시카나치킨 아산호서대점,"치킨,닭강정",충남 아산시 배방읍 호서로 87 멕시카나치킨 아산호서대점,반반치킨,https://search.pstatic.net/common/?autoRotate=true&quality=95&type=f320_320&src=https%3A%2F%2Fldb-phinf.pstatic.net%2F20230621_111%2F1687334414502sN92D_PNG%2F%25C8%25C4%25B6%25F3%25C0%25CC%25B5%25E5%25B9%25DD%25BE%25E7%25B3%25E4%25B9%25DD-%25B9%25DD%25B9%25DD%25C4%25A1%25C5%25B2_%25B4%25A9%25B3%25A2_%2528%25C0%25FA%25BF%25EB%25B7%25AE%2529.png,,2.2
멕시카나치킨 아산호서대점,"치킨,닭강정",충남 아산시 배방읍 호서로 87 멕시카나치킨 아산호서대점,땡초치킨,https://search.pstatic.net/common/?autoRotate=true&quality=95&type=f320_320&src=https%3A%2F%2Fldb-phinf.pstatic.net%2F20230621_270%2F1687334427472CbPgE_PNG%2F%25B6%25AF%25C3%25CA%25C4%25A1%25C5%25B2_%25B4%25A9%25B3%25A2_%2528%25C0%25FA%25BF%25EB%25B7%25AE%2529.png,"20,000",2.2
멕시카나치킨 아산호서대점,"치킨,닭강정",충남 아산시 배방읍 호서로 87 멕시카나치킨 아산호서대점,눈꽃치즈치킨,https://search.pstatic.net/common/?autoRotate=true&quality=95&type=f320_320&src=https%3A%2F%2Fldb-phinf.pstatic.net%2F20230621_192%2F1687334586543Jko9r_PNG%2F%25BB%25D1%25B8%25AE%25B0%25ED%25B4%25AB%25B2%25C9%25C4%25A1%25C1%25EE%25B8%25C0_%25B4%25A9%25B3%25A2_%2528%25C0%25FA%25BF%25EB%25B7%25AE%2529.png,"20,000",2.2
멕시카나치킨 아산호서대점,"치킨,닭강정",충남 아산시 배방읍 호서로 87 멕시카나치킨 아산호서대점,간장치킨,https://search.pstatic.net/common/?autoRotate=true&quality=95&type=f320_320&src=https%3A%2F%2Fldb-phinf.pstatic.net%2F20230621_131%2F16873353241429KbRR_PNG%2F%25B0%25A3%25C0%25E5%25C4%25A1%25C5%25B2_%25B4%25A9%25B3%25A2_%2528%25C0%25FA%25BF%25EB%25B7%25AE%2529.png,"19,000",2.2
에브리,요리주점,충남 아산시 배방읍 호서로 92 지하1층,불고기전골,https://search.pstatic.net/common/?autoRotate=true&quality=95&type=f320_320&src=https%3A%2F%2Fldb-phinf.pstatic.net%2F20230824_256%2F16928569845056Vgbz_JPEG%2F123.jpg,"17,900",1.5
에브리,요리주점,충남 아산시 배방읍 호서로 92 지하1층,골뱅이쫄면만두,https://search.pstatic.net/common/?autoRotate=true&quality=95&type=f320_320&src=https%3A%2F%2Fldb-phinf.pstatic.net%2F20230824_262%2F1692856737760QyTlY_JPEG%2F123.jpg,"17,900",1.5
에브리,요리주점,충남 아산시 배방읍 호서로 92 지하1층,순대껍데기볶음,https://search.pstatic.net/common/?autoRotate=true&quality=95&type=f320_320&src=https%3A%2F%2Fldb-phinf.pstatic.net%2F20230824_209%2F1692856600910T0QS7_JPEG%2F123.jpg,"17,900",1.5
에브리,요리주점,충남 아산시 배방읍 호서로 92 지하1층,모듬마른안주,https://search.pstatic.net/common/?autoRotate=true&quality=95&type=f320_320&src=https%3A%2F%2Fldb-phinf.pstatic.net%2F20230824_134%2F1692856577200rxGgm_JPEG%2F123.jpg,"16,900",1.5
에브리,요리주점,충남 아산시 배방읍 호서로 92 지하1층,닭도리탕,https://search.pstatic.net/common/?autoRotate=true&quality=95&type=f320_320&src=https%3A%2F%2Fldb-phinf.pstatic.net%2F20230824_214%2F16928565893693w39S_JPEG%2F123.jpg,"16,900",1.5
에브리,요리주점,충남 아산시 배방읍 호서로 92 지하1층,대패삼겹살(400g),https://search.pstatic.net/common/?autoRotate=true&quality=95&type=f320_320&src=https%3A%2F%2Fldb-phinf.pstatic.net%2F20230824_83%2F1692856874491LMykr_JPEG%2F123.jpg,"16,900",1.5
에브리,요리주점,충남 아산시 배방읍 호서로 92 지하1층,갈쌈쫄면,https://search.pstatic.net/common/?autoRotate=true&quality=95&type=f320_320&src=https%3A%2F%2Fldb-phinf.pstatic.net%2F20230824_67%2F1692856726379QFHq4_JPEG%2F123.jpg,"16,900",1.5
에브리,요리주점,충남 아산시 배방읍 호서로 92 지하1층,제육볶음,https://search.pstatic.net/common/?autoRotate=true&quality=95&type=f320_320&src=https%3A%2F%2Fldb-phinf.pstatic.net%2F20230824_288%2F1692856645753GP3zO_JPEG%2F123.jpg,"16,900",1.5
에브리,요리주점,충남 아산시 배방읍 호서로 92 지하1층,두부김치,https://search.pstatic.net/common/?autoRotate=true&quality=95&type=f320_320&src=https%3A%2F%2Fldb-phinf.pstatic.net%2F20230824_21%2F1692856550863JIcWc_JPEG%2F123.jpg,"16,900",1.5
에브리,요리주점,충남 아산시 배방읍 호서로 92 지하1층,반반치킨,https://search.pstatic.net/common/?autoRotate=true&quality=95&type=f320_320&src=https%3A%2F%2Fldb-phinf.pstatic.net%2F20230824_208%2F1692856865316SO3Ki_JPEG%2F123.jpg,"16,900",1.5
에브리,요리주점,충남 아산시 배방읍 호서로 92 지하1층,가라아게,https://search.pstatic.net/common/?autoRotate=true&quality=95&type=f320_320&src=https%3A%2F%2Fldb-phinf.pstatic.net%2F20230824_202%2F1692856687720704DT_JPEG%2F123.jpg,"16,900",1.5
에브리,요리주점,충남 아산시 배방읍 호서로 92 지하1층,간장치킨,https://search.pstatic.net/common/?autoRotate=true&quality=95&type=f320_320&src=https%3A%2F%2Fldb-phinf.pstatic.net%2F20230824_256%2F1692856854999v0XAh_JPEG%2F123.jpg,"16,900",1.5
에브리,요리주점,충남 아산시 배방읍 호서로 92 지하1층,닭강정,https://search.pstatic.net/common/?autoRotate=true&quality=95&type=f320_320&src=https%3A%2F%2Fldb-phinf.pstatic.net%2F20230824_91%2F1692856810156q6jhN_JPEG%2F123.jpg,"16,900",1.5
에브리,요리주점,충남 아산시 배방읍 호서로 92 지하1층,모듬튀김,https://search.pstatic.net/common/?autoRotate=true&quality=95&type=f320_320&src=https%3A%2F%2Fldb-phinf.pstatic.net%2F20230824_298%2F1692856564384EmTzl_JPEG%2F123.jpg,"15,900",1.5
에브리,요리주점,충남 아산시 배방읍 호서로 92 지하1층,김치찌개,https://search.pstatic.net/common/?autoRotate=true&quality=95&type=f320_320&src=https%3A%2F%2Fldb-phinf.pstatic.net%2F20230824_105%2F1692856707473RKWBL_JPEG%2F123.jpg,"15,900",1.5
맘스터치 호서대점,햄버거,충남 아산시 배방읍 호서로79번길 2 근린생활시설,싸이플렉스버거,https://search.pstatic.net/common/?autoRotate=true&quality=95&type=f320_320&src=https%3A%2F%2Fldb-phinf.pstatic.net%2F20210420_163%2F1618903055910eUCwf_PNG%2F-QdLxumeW1koLEBVjDFJL5i6.png,"7,700",3.5
맘스터치 호서대점,햄버거,충남 아산시 배방읍 호서로79번길 2 근린생활시설,아라비아따치즈버거,https://search.pstatic.net/common/?autoRotate=true&quality=95&type=f320_320&src=https%3A%2F%2Fldb-phinf.pstatic.net%2F20230807_127%2F16913773035166NblX_PNG%2F%25BE%25C6%25B6%25F3%25BA%25F1%25BE%25C6%25B5%25FB%25C4%25A1%25C1%25EE%25B9%25F6%25B0%25C5.png,"7,100",3.5
맘스터치 호서대점,햄버거,충남 아산시 배방읍 호서로79번길 2 근린생활시설,인크레더블버거,https://search.pstatic.net/common/?autoRotate=true&quality=95&type=f320_320&src=https%3A%2F%2Fldb-phinf.pstatic.net%2F20200807_31%2F1596783819241Rs66U_PNG%2FbFMuxIRuXTSF-xV8oqr6w3AQ.png,"5,700",3.5
맘스터치 호서대점,햄버거,충남 아산시 배방읍 호서로79번길 2 근린생활시설,싸이버거,https://search.pstatic.net/common/?autoRotate=true&quality=95&type=f320_320&src=https%3A%2F%2Fldb-phinf.pstatic.net%2F20200807_279%2F1596783868230syYIT_PNG%2FU7xrtOfzOwD23Tv1NKq2h4sv.png,"4,600",3.5
맘스터치 호서대점,햄버거,충남 아산시 배방읍 호서로79번길 2 근린생활시설,언빌리버블버거,https://search.pstatic.net/common/?autoRotate=true&quality=95&type=f320_320&src=https%3A%2F%2Fldb-phinf.pstatic.net%2F20200807_130%2F1596783728912vpCox_PNG%2FfC4YzuCxmuqPFb8AmaAxi-p2.png,"6,200",3.5
맘스터치 호서대점,햄버거,충남 아산시 배방읍 호서로79번길 2 근린생활시설,화이트갈릭버거,https://search.pstatic.net/common/?autoRotate=true&quality=95&type=f320_320&src=https%3A%2F%2Fldb-phinf.pstatic.net%2F20230807_62%2F1691380935391arq0O_PNG%2F%25C8%25AD%25C0%25CC%25C6%25AE%25B0%25A5%25B8%25AF%25B9%25F6%25B0%25C5.png,"5,200",3.5
맘스터치 호서대점,햄버거,충남 아산시 배방읍 호서로79번길 2 근린생활시설,새우불고기버거,https://search.pstatic.net/common/?autoRotate=true&quality=95&type=f320_320&src=https%3A%2F%2Fldb-phinf.pstatic.net%2F20210420_176%2F16189030251533oeGv_PNG%2FK8MYiSf_o15dN1jWxJPrPDXG.png,"5,700",3.5
맘스터치 호서대점,햄버거,충남 아산시 배방읍 호서로79번길 2 근린생활시설,후라이드싸이순살,https://search.pstatic.net/common/?autoRotate=true&quality=95&type=f320_320&src=https%3A%2F%2Fldb-phinf.pstatic.net%2F20230807_254%2F1691382421783C7nKv_PNG%2F%25C8%25C4%25B6%25F3%25C0%25CC%25B5%25E5%25BD%25CE%25C0%25CC%25BC%25F8%25BB%25EC.png,"11,900",3.5
맘스터치 호서대점,햄버거,충남 아산시 배방읍 호서로79번길 2 근린생활시설,맘스양념싸이순살,https://search.pstatic.net/common/?autoRotate=true&quality=95&type=f320_320&src=https%3A%2F%2Fldb-phinf.pstatic.net%2F20230807_55%2F1691382493099xg3v0_PNG%2F%25B8%25BE%25BD%25BA%25BE%25E7%25B3%25E4%25BD%25CE%25C0%25CC%25BC%25F8%25BB%25EC.png,"13,900",3.5
맘스터치 호서대점,햄버거,충남 아산시 배방읍 호서로79번길 2 근린생활시설,간장마늘싸이순살,https://search.pstatic.net/common/?autoRotate=true&quality=95&type=f320_320&src=https%3A%2F%2Fldb-phinf.pstatic.net%2F20230807_15%2F169138253816187Wxq_PNG%2F%25B0%25A3%25C0%25E5%25B8%25B6%25B4%25C3%25BD%25CE%25C0%25CC%25BC%25F8%25BB%25EC.png,"13,900",3.5
맘스터치 호서대점,햄버거,충남 아산시 배방읍 호서로79번길 2 근린생활시설,케이준양념감자(중),https://search.pstatic.net/common/?autoRotate=true&quality=95&type=f320_320&src=https%3A%2F%2Fldb-phinf.pstatic.net%2F20230807_64%2F1691382968149JujKV_PNG%2F%25C4%25C9%25C0%25CC%25C1%25D8%25BE%25E7%25B3%25E4%25B0%25A8%25C0%25DA%2528%25B4%25EB%2529.png,"2,000",3.5
맘스터치 호서대점,햄버거,충남 아산시 배방읍 호서로79번길 2 근린생활시설,바삭크림치즈볼(4조각),https://search.pstatic.net/common/?autoRotate=true&quality=95&type=f320_320&src=https%3A%2F%2Fldb-phinf.pstatic.net%2F20200807_123%2F15967839631825dFTY_PNG%2FnYNeAsmBKruFvlfFgxK3wMqx.png,"3,700",3.5
맘스터치 호서대점,햄버거,충남 아산시 배방읍 호서로79번길 2 근린생활시설,코울슬로,https://search.pstatic.net/common/?autoRotate=true&quality=95&type=f320_320&src=https%3A%2F%2Fldb-phinf.pstatic.net%2F20230807_254%2F16913826912222a6lu_PNG%2F%25C4%25DA%25BF%25EF%25BD%25BD%25B7%25CE.png,"1,800",3.5
맘스터치 호서대점,햄버거,충남 아산시 배방읍 호서로79번길 2 근린생활시설,콘샐러드,https://search.pstatic.net/common/?autoRotate=true&quality=95&type=f320_320&src=https%3A%2F%2Fldb-phinf.pstatic.net%2F20230807_30%2F1691382602150S0OWj_PNG%2F%25C4%25DC%25BB%25F8%25B7%25AF%25B5%25E5.png,"1,800",3.5
술집호아성,요리주점,충남 아산시 배방읍 호서로103번길 7 술집호아성,"탕, 볶음, 주먹밥, 튀김, 사이드",https://search.pstatic.net/common/?autoRotate=true&quality=95&type=f320_320&src=https%3A%2F%2Fldb-phinf.pstatic.net%2F20240327_15%2F1711512277773iLWCC_JPEG%2F1711511711959.jpg,"16,000",2.6
빽다방 아산호서대점,테이크아웃커피,충남 아산시 배방읍 호서로79번길 15 1층,앗메리카노(아이스),https://search.pstatic.net/common/?autoRotate=true&quality=95&type=f320_320&src=https%3A%2F%2Fldb-phinf.pstatic.net%2F20220723_159%2F1658562441752gg2Hx_JPEG%2FKakaoTalk_20220723_164649357.jpg,"2,000",3.4
블루포트 호서대아산교직원회관점,"카페,디저트",충남 아산시 배방읍 호서로79번길 20 호서대학교 교직원회관등 3층,미드나잇초코프라페,https://search.pstatic.net/common/?autoRotate=true&quality=95&type=f320_320&src=https%3A%2F%2Fldb-phinf.pstatic.net%2F20220928_227%2F1664334199415Av9GR_JPEG%2F1664334189522.jpg,"4,500",2.5
블루포트 호서대아산교직원회관점,"카페,디저트",충남 아산시 배방읍 호서로79번길 20 호서대학교 교직원회관등 3층,베이커리,https://search.pstatic.net/common/?autoRotate=true&quality=95&type=f320_320&src=https%3A%2F%2Fldb-phinf.pstatic.net%2F20220929_120%2F1664437035205Loz6U_JPEG%2FKakaoTalk_20220929_163447947_13.jpg,"2,500",2.5
블루포트 호서대아산교직원회관점,"카페,디저트",충남 아산시 배방읍 호서로79번길 20 호서대학교 교직원회관등 3층,아인슈페너 라떼 초코,https://search.pstatic.net/common/?autoRotate=true&quality=95&type=f320_320&src=https%3A%2F%2Fldb-phinf.pstatic.net%2F20220929_69%2F1664436066879y2Wto_JPEG%2FKakaoTalk_20220929_161244745_05.jpg,"3,500",2.5
블루포트 호서대아산교직원회관점,"카페,디저트",충남 아산시 배방읍 호서로79번길 20 호서대학교 교직원회관등 3층,달고나밀크티,https://search.pstatic.net/common/?autoRotate=true&quality=95&type=f320_320&src=https%3A%2F%2Fldb-phinf.pstatic.net%2F20220929_260%2F1664436003864mNbiu_JPEG%2FKakaoTalk_20220929_161244745_04.jpg,"4,100",2.5
블루포트 호서대아산교직원회관점,"카페,디저트",충남 아산시 배방읍 호서로79번길 20 호서대학교 교직원회관등 3층,말차라떼 카라넛라떼,https://search.pstatic.net/common/?autoRotate=true&quality=95&type=f320_320&src=https%3A%2F%2Fldb-phinf.pstatic.net%2F20220929_33%2F1664435990108FU8Qe_JPEG%2FKakaoTalk_20220929_161244745_03.jpg,"3,500",2.5
블루포트 호서대아산교직원회관점,"카페,디저트",충남 아산시 배방읍 호서로79번길 20 호서대학교 교직원회관등 3층,콜드블루커피,https://search.pstatic.net/common/?autoRotate=true&quality=95&type=f320_320&src=https%3A%2F%2Fldb-phinf.pstatic.net%2F20220929_51%2F1664435915931qlEa6_JPEG%2FKakaoTalk_20220929_161244745_02.jpg,"3,000",2.5
블루포트 호서대아산교직원회관점,"카페,디저트",충남 아산시 배방읍 호서로79번길 20 호서대학교 교직원회관등 3층,뉴딸기라떼,https://search.pstatic.net/common/?autoRotate=true&quality=95&type=f320_320&src=https%3A%2F%2Fldb-phinf.pstatic.net%2F20220929_149%2F1664435813183iNn4j_JPEG%2FKakaoTalk_20220929_161244745_01.jpg,"3,700",2.5
블루포트 호서대아산교직원회관점,"카페,디저트",충남 아산시 배방읍 호서로79번길 20 호서대학교 교직원회관등 3층,아보카도바나나 주스,https://search.pstatic.net/common/?autoRotate=true&quality=95&type=f320_320&src=https%3A%2F%2Fldb-phinf.pstatic.net%2F20220929_259%2F1664435799081EhJHb_JPEG%2FKakaoTalk_20220929_161244745.jpg,"4,700",2.5
블루포트 호서대아산교직원회관점,"카페,디저트",충남 아산시 배방읍 호서로79번길 20 호서대학교 교직원회관등 3층,망고주스,https://search.pstatic.net/common/?autoRotate=true&quality=95&type=f320_320&src=https%3A%2F%2Fldb-phinf.pstatic.net%2F20220929_28%2F1664435635355bMYVS_JPEG%2FKakaoTalk_20220929_161244745.jpg,"4,000",2.5
호산정,"백숙,삼계탕",충남 아산시 배방읍 호서로 160 호산정,한방삼계탕,https://search.pstatic.net/common/?autoRotate=true&quality=95&type=f320_320&src=https%3A%2F%2Fldb-phinf.pstatic.net%2F20240322_24%2F17110948712643K7IQ_JPEG%2F1711094845419.jpg,"15,000",4.8
호산정,"백숙,삼계탕",충남 아산시 배방읍 호서로 160 호산정,옻삼계탕,,"16,000",4.8
호산정,"백숙,삼계탕",충남 아산시 배방읍 호서로 160 호산정,흑임자삼계탕,,"16,000",4.8
호산정,"백숙,삼계탕",충남 아산시 배방읍 호서로 160 호산정,들깨삼계탕,,"16,000",4.8
호산정,"백숙,삼계탕",충남 아산시 배방읍 호서로 160 호산정,토종닭백숙(옻),https://search.pstatic.net/common/?autoRotate=true&quality=95&type=f320_320&src=https%3A%2F%2Fldb-phinf.pstatic.net%2F20240323_115%2F1711182361786VFA4W_JPEG%2F1711182081253.jpg,"65,000",4.8
호산정,"백숙,삼계탕",충남 아산시 배방읍 호서로 160 호산정,소머리국밥,https://search.pstatic.net/common/?autoRotate=true&quality=95&type=f320_320&src=https%3A%2F%2Fldb-phinf.pstatic.net%2F20240327_73%2F1711520409558KKtHx_JPEG%2FScreenshot_20240327_142455_NAVER.jpg,"10,000",4.8
호산정,"백숙,삼계탕",충남 아산시 배방읍 호서로 160 호산정,생막국수,https://search.pstatic.net/common/?autoRotate=true&quality=95&type=f320_320&src=https%3A%2F%2Fldb-phinf.pstatic.net%2F20240504_186%2F1714811784326nS4kH_JPEG%2FScreenshot_20240502_161437_NAVER.jpg,"10,000",4.8
호산정,"백숙,삼계탕",충남 아산시 배방읍 호서로 160 호산정,닭개장,,"9,000",4.8
호산정,"백숙,삼계탕",충남 아산시 배방읍 호서로 160 호산정,콩국수,,"9,000",4.8
촌댁맥주 호서대학교점,"맥주,호프",충남 아산시 배방읍 호서로79번길 10 1층 3호,숙성맥주 500cc,https://search.pstatic.net/common/?autoRotate=true&quality=95&type=f320_320&src=https%3A%2F%2Fldb-phinf.pstatic.net%2F20221005_191%2F1664896482248No8RI_JPEG%2FBC8YiiHZjMTMZGz0NyYApgAg.jpg,"3,300",3.1
카페호아성,"카페,디저트",충남 아산시 배방읍 호서로103번길 7 카페호아성,Take-out 가능,https://search.pstatic.net/common/?autoRotate=true&quality=95&type=f320_320&src=https%3A%2F%2Fldb-phinf.pstatic.net%2F20230501_229%2F16829304575823CpKo_JPEG%2F20230419_113632.jpg,,1.9
김밥마을,김밥,충남 아산시 배방읍 호서로 83 밥과술이익는마을,원조김밥,https://search.pstatic.net/common/?autoRotate=true&quality=95&type=f320_320&src=https%3A%2F%2Fldb-phinf.pstatic.net%2F20220901_49%2F1662006797416Lg1yp_JPEG%2Fimage.jpg,"3,000",4.6
행컵 호서대(아산)점,"도시락,컵밥",충남 아산시 배방읍 호서로79번길 20,장작삼겹볶음밥,https://search.pstatic.net/common/?autoRotate=true&quality=95&type=f320_320&src=https%3A%2F%2Fldb-phinf.pstatic.net%2F20240102_68%2F17041647992623PQMS_PNG%2F%25C0%25E5%25C0%25DB%25BB%25EF%25B0%25E3%25BA%25BA%25C0%25BD%25B9%25E4.png,"7,500",3.3
행컵 호서대(아산)점,"도시락,컵밥",충남 아산시 배방읍 호서로79번길 20,치킨마요덮밥,https://search.pstatic.net/common/?autoRotate=true&quality=95&type=f320_320&src=https%3A%2F%2Fldb-phinf.pstatic.net%2F20240102_135%2F1704164489156WdWdD_PNG%2F%25C4%25A1%25C5%25B2%25B8%25B6%25BF%25E4%25B5%25A4%25B9%25E4.png,"5,900",3.3
행컵 호서대(아산)점,"도시락,컵밥",충남 아산시 배방읍 호서로79번길 20,계란젓갈비빔밥,https://search.pstatic.net/common/?autoRotate=true&quality=95&type=f320_320&src=https%3A%2F%2Fldb-phinf.pstatic.net%2F20240102_239%2F17041642390157Fck6_PNG%2F%25B0%25E8%25B6%25F5%25C1%25A3%25B0%25A5%25BA%25F1%25BA%25F6%25B9%25E4.png,"5,900",3.3
행컵 호서대(아산)점,"도시락,컵밥",충남 아산시 배방읍 호서로79번길 20,우삼겹숙주덮밥,https://search.pstatic.net/common/?autoRotate=true&quality=95&type=f320_320&src=https%3A%2F%2Fldb-phinf.pstatic.net%2F20240102_218%2F1704163919891DolHJ_PNG%2F%25BF%25EC%25BB%25EF%25B0%25E3%25BC%25F7%25C1%25D6%25B5%25A4%25B9%25E4.png,"8,500",3.3
행컵 호서대(아산)점,"도시락,컵밥",충남 아산시 배방읍 호서로79번길 20,떠먹는삼겹쌈밥,https://search.pstatic.net/common/?autoRotate=true&quality=95&type=f320_320&src=https%3A%2F%2Fldb-phinf.pstatic.net%2F20240102_297%2F1704163843308JMgBW_PNG%2F%25B6%25B0%25B8%25D4%25B4%25C2%25BB%25EF%25B0%25E3%25BD%25D3%25B9%25E4.png,"8,500",3.3
행컵 호서대(아산)점,"도시락,컵밥",충남 아산시 배방읍 호서로79번길 20,음료(뚱캔),,"1,800",3.3
행컵 호서대(아산)점,"도시락,컵밥",충남 아산시 배방읍 호서로79번길 20,얼큰꼬마만두국,https://search.pstatic.net/common/?autoRotate=true&quality=95&type=f320_320&src=https%3A%2F%2Fldb-phinf.pstatic.net%2F20240102_74%2F1704165635947OnPWW_JPEG%2FKakaoTalk_20240102_095218024_01.jpg,"4,500",3.3
행컵 호서대(아산)점,"도시락,컵밥",충남 아산시 배방읍 호서로79번길 20,꼬마만두국,https://search.pstatic.net/common/?autoRotate=true&quality=95&type=f320_320&src=https%3A%2F%2Fldb-phinf.pstatic.net%2F20240102_217%2F1704165605183fw1Xn_JPEG%2FKakaoTalk_20240102_095218024.jpg,"4,000",3.3
행컵 호서대(아산)점,"도시락,컵밥",충남 아산시 배방읍 호서로79번길 20,미니김치어묵우동,https://search.pstatic.net/common/?autoRotate=true&quality=95&type=f320_320&src=https%3A%2F%2Fldb-phinf.pstatic.net%2F20240102_291%2F170416557131606poa_PNG%2F%25B1%25E8%25C4%25A1%25BE%25EE%25B9%25AC%25BF%25EC%25B5%25BF.png,"4,500",3.3
행컵 호서대(아산)점,"도시락,컵밥",충남 아산시 배방읍 호서로79번길 20,미니마라어묵우동,https://search.pstatic.net/common/?autoRotate=true&quality=95&type=f320_320&src=https%3A%2F%2Fldb-phinf.pstatic.net%2F20240102_84%2F1704165550701Oi7NO_PNG%2F%25B9%25CC%25B4%25CF%25BE%25F3%25C5%25AB%25BE%25EE%25B9%25AC%25BF%25EC%25B5%25BF.png,"4,000",3.3
행컵 호서대(아산)점,"도시락,컵밥",충남 아산시 배방읍 호서로79번길 20,미니얼큰어묵우동,https://search.pstatic.net/common/?autoRotate=true&quality=95&type=f320_320&src=https%3A%2F%2Fldb-phinf.pstatic.net%2F20240102_265%2F1704165536701US9wl_PNG%2F%25B9%25CC%25B4%25CF%25BE%25F3%25C5%25AB%25BE%25EE%25B9%25AC%25BF%25EC%25B5%25BF.png,"3,800",3.3
행컵 호서대(아산)점,"도시락,컵밥",충남 아산시 배방읍 호서로79번길 20,미니어묵우동,https://search.pstatic.net/common/?autoRotate=true&quality=95&type=f320_320&src=https%3A%2F%2Fldb-phinf.pstatic.net%2F20240102_50%2F17041655151776zWyT_PNG%2F%25B9%25CC%25B4%25CF%25BE%25EE%25B9%25AC%25BF%25EC%25B5%25BF.png,"3,500",3.3
행컵 호서대(아산)점,"도시락,컵밥",충남 아산시 배방읍 호서로79번길 20,돈까스,https://search.pstatic.net/common/?autoRotate=true&quality=95&type=f320_320&src=https%3A%2F%2Fldb-phinf.pstatic.net%2F20240102_166%2F1704165489561bBy3N_PNG%2F%25BB%25E7%25C0%25CC%25B5%25E5%25B5%25B7%25B1%25EE%25BD%25BA.png,"4,500",3.3
행컵 호서대(아산)점,"도시락,컵밥",충남 아산시 배방읍 호서로79번길 20,토네이도소세지(2개),https://search.pstatic.net/common/?autoRotate=true&quality=95&type=f320_320&src=https%3A%2F%2Fldb-phinf.pstatic.net%2F20240102_150%2F1704165454567Qd6vB_PNG%2F%25C5%25E4%25B3%25D7%25C0%25CC%25B5%25B5%25BC%25D2%25BC%25BC%25C1%25F6.png,"3,600",3.3
행컵 호서대(아산)점,"도시락,컵밥",충남 아산시 배방읍 호서로79번길 20,찹쌀치즈볼(4개),https://search.pstatic.net/common/?autoRotate=true&quality=95&type=f320_320&src=https%3A%2F%2Fldb-phinf.pstatic.net%2F20240102_122%2F1704165434845LbwM7_PNG%2F%25C4%25A1%25C1%25EE%25BA%25BC.png,"3,500",3.3
커피사피엔스 아산호서대점,카페,충남 아산시 배방읍 호서로79번길 5 1층 커피사피엔스,딸기라떼,https://search.pstatic.net/common/?autoRotate=true&quality=95&type=f320_320&src=https%3A%2F%2Fldb-phinf.pstatic.net%2F20220301_89%2F1646144524453Xy2Lf_JPEG%2F%25BC%25F6%25C1%25A6_%25B5%25FE%25B1%25E2%25B6%25F3%25B6%25BC.jpg,"4,500",1.6
커피사피엔스 아산호서대점,카페,충남 아산시 배방읍 호서로79번길 5 1층 커피사피엔스,화이트 뱅쇼 에이드,https://search.pstatic.net/common/?autoRotate=true&quality=95&type=f320_320&src=https%3A%2F%2Fldb-phinf.pstatic.net%2F20220301_5%2F1646144363574s1eOI_JPEG%2F1.%25C8%25AD%25C0%25CC%25C6%25AE%25B9%25F0%25BC%25EE%25BF%25A1%25C0%25CC%25B5%25E5.jpg,"4,800",1.6
커피사피엔스 아산호서대점,카페,충남 아산시 배방읍 호서로79번길 5 1층 커피사피엔스,오렌지 자몽쥬스,https://search.pstatic.net/common/?autoRotate=true&quality=95&type=f320_320&src=https%3A%2F%2Fldb-phinf.pstatic.net%2F20200928_167%2F1601292109629JLxEo_JPEG%2F_Z0m2kIeHlrbafZ0ACUifY2v.jpg,"4,800",1.6
커피사피엔스 아산호서대점,카페,충남 아산시 배방읍 호서로79번길 5 1층 커피사피엔스,돼딸라떼,https://search.pstatic.net/common/?autoRotate=true&quality=95&type=f320_320&src=https%3A%2F%2Fldb-phinf.pstatic.net%2F20201106_146%2F1604651949011F9juH_GIF%2FL917iOLTGWPZ5vRkjPQkvPLS.gif,"4,800",1.6
커피사피엔스 아산호서대점,카페,충남 아산시 배방읍 호서로79번길 5 1층 커피사피엔스,체리 파워자이저,https://search.pstatic.net/common/?autoRotate=true&quality=95&type=f320_320&src=https%3A%2F%2Fldb-phinf.pstatic.net%2F20220301_44%2F1646144474258SKMPN_JPEG%2F%25C3%25BC%25B8%25AE%25C6%25C4%25BF%25F6%25C0%25DA%25C0%25CC%25C0%25FA.jpg,"4,000",1.6
커피사피엔스 아산호서대점,카페,충남 아산시 배방읍 호서로79번길 5 1층 커피사피엔스,체리콕,https://search.pstatic.net/common/?autoRotate=true&quality=95&type=f320_320&src=https%3A%2F%2Fldb-phinf.pstatic.net%2F20220301_248%2F1646144438058jr4Rr_JPEG%2F%25C3%25BC%25B8%25AE%25C4%25DB.jpg,"4,000",1.6
커피사피엔스 아산호서대점,카페,충남 아산시 배방읍 호서로79번길 5 1층 커피사피엔스,청귤 에이드,https://search.pstatic.net/common/?autoRotate=true&quality=95&type=f320_320&src=https%3A%2F%2Fldb-phinf.pstatic.net%2F20220301_94%2F1646144406154tClwE_JPEG%2F%25C3%25BB%25B1%25D6%25BF%25A1%25C0%25CC%25B5%25E5.jpg,"4,500",1.6
커피사피엔스 아산호서대점,카페,충남 아산시 배방읍 호서로79번길 5 1층 커피사피엔스,흑당 달고나 커피,https://search.pstatic.net/common/?autoRotate=true&quality=95&type=f320_320&src=https%3A%2F%2Fldb-phinf.pstatic.net%2F20200325_255%2F1585064589357eVd2G_JPEG%2F1q92xaicnsh9o4i9r4u7xoJf.jpeg.jpg,"4,500",1.6
커피사피엔스 아산호서대점,카페,충남 아산시 배방읍 호서로79번길 5 1층 커피사피엔스,동남아 연유라떼,https://search.pstatic.net/common/?autoRotate=true&quality=95&type=f320_320&src=https%3A%2F%2Fldb-phinf.pstatic.net%2F20200928_148%2F1601292082274VdFnj_JPEG%2FRDfRR1d6XnrCUYjcNbCmD4-V.jpg,"4,000",1.6
커피사피엔스 아산호서대점,카페,충남 아산시 배방읍 호서로79번길 5 1층 커피사피엔스,토피넛 라떼,https://search.pstatic.net/common/?autoRotate=true&quality=95&type=f320_320&src=https%3A%2F%2Fldb-phinf.pstatic.net%2F20200928_13%2F16012921349794jtbS_JPEG%2FmLO5ozB5Pd1lqlK8ut1MdVSl.jpg,"3,800",1.6
커피사피엔스 아산호서대점,카페,충남 아산시 배방읍 호서로79번길 5 1층 커피사피엔스,스노우 아메리카노,https://search.pstatic.net/common/?autoRotate=true&quality=95&type=f320_320&src=https%3A%2F%2Fldb-phinf.pstatic.net%2F20200928_86%2F160129216157049edq_JPEG%2FQjRKufIAArshb8h_I8BGduGh.jpg,"4,000",1.6
커피사피엔스 아산호서대점,카페,충남 아산시 배방읍 호서로79번길 5 1층 커피사피엔스,디카페인 커피,https://search.pstatic.net/common/?autoRotate=true&quality=95&type=f320_320&src=https%3A%2F%2Fldb-phinf.pstatic.net%2F20200928_146%2F1601292520751punOd_JPEG%2F38BxQka2puvP_AJBvfT0AMdj.jpg,"2,800",1.6
도스마스 호서대점,"멕시코,남미음식",충남 아산시 배방읍 호서로79번길 14,비프 부리또,https://search.pstatic.net/common/?autoRotate=true&quality=95&type=f320_320&src=http%3A%2F%2Fimagefarm.baemin.com%2Fsmartmenuimage%2Fupload%2Fimage%2F2023%2F11%2F30%2FeetDof1POsMOii6jaTpIxVhjJ6mSdt95j0VYRKjmk4DBhBSw-KAycmiJFVhhZ4M4sbJmquKL7vOM8Tfwh5faQ2RyRleCZxyMKFR6drfvs5A%3D.jpg,"6,000",4.0
도스마스 호서대점,"멕시코,남미음식",충남 아산시 배방읍 호서로79번길 14,믹스 부리또,https://search.pstatic.net/common/?autoRotate=true&quality=95&type=f320_320&src=http%3A%2F%2Fimagefarm.baemin.com%2Fsmartmenuimage%2Fupload%2Fimage%2F2023%2F11%2F30%2FY1J89qsngTo5_HNvvuMyu429vSUppaGdc4Yxs4YH7U8_aIUn8eW7P19OmAlgssdrxic1tP38SpydvzNgQ0wckZ7vufpLaCvUJzwlWhumlKo%3D.jpg,"5,500",4.0
도스마스 호서대점,"멕시코,남미음식",충남 아산시 배방읍 호서로79번길 14,치킨 부리또,https://search.pstatic.net/common/?autoRotate=true&quality=95&type=f320_320&src=http%3A%2F%2Fimagefarm.baemin.com%2Fsmartmenuimage%2Fupload%2Fimage%2F2023%2F11%2F30%2FnTv7E-iw1ykWFT1EfDaFY1Jtv5lSNn1mcALBbIiIm9J9jw636B8e_YkHH3mcmK5XAjz_TCRuVfDDTfzx7kzCKhvFS4KWzPPryy1B5jfE0u4%3D.jpg,"5,500",4.0
도스마스 호서대점,"멕시코,남미음식",충남 아산시 배방읍 호서로79번길 14,케이준 포테이토,https://search.pstatic.net/common/?autoRotate=true&quality=95&type=f320_320&src=http%3A%2F%2Fimagefarm.baemin.com%2Fsmartmenuimage%2Fupload%2Fimage%2F2023%2F10%2F13%2Fpgc2dToL7ZJ3Uk7l3rkEMTrL4PH_uGt618xv0DJ39NeJAkDIryJFRfQKKmlVkV_x.jpg,"2,000",4.0
도스마스 호서대점,"멕시코,남미음식",충남 아산시 배방읍 호서로79번길 14,새우 튀김(3개),https://search.pstatic.net/common/?autoRotate=true&quality=95&type=f320_320&src=http%3A%2F%2Fimagefarm.baemin.com%2Fsmartmenuimage%2Fupload%2Fimage%2F2023%2F10%2F13%2Fpgc2dToL7ZJ3Uk7l3rkEMUFldK8JYuu5njJd4_m1wE12fPS1JS56uKEpP8XEqubd.jpg,"2,000",4.0
도스마스 호서대점,"멕시코,남미음식",충남 아산시 배방읍 호서로79번길 14,어니언 링(10개),https://search.pstatic.net/common/?autoRotate=true&quality=95&type=f320_320&src=http%3A%2F%2Fimagefarm.baemin.com%2Fsmartmenuimage%2Fupload%2Fimage%2F2023%2F10%2F13%2Fpgc2dToL7ZJ3Uk7l3rkEMSWwroXMHKQOrwAHMgbFToIGDIrvL-WtOyr-H_QKpnEH.jpg,"2,000",4.0
도스마스 호서대점,"멕시코,남미음식",충남 아산시 배방읍 호서로79번길 14,메인 메뉴 + 사이드 메뉴 + 콜라245ml,https://search.pstatic.net/common/?autoRotate=true&quality=95&type=f320_320&src=http%3A%2F%2Fimagefarm.baemin.com%2Fsmartmenuimage%2Fupload%2Fimage%2F2023%2F10%2F13%2Fpgc2dToL7ZJ3Uk7l3rkEMbI6q-TQJZm80qNEDNJvRgKIl0P-5X9OIB3IsGAjQpeE.jpg,"8,000",4.0
도스마스 호서대점,"멕시코,남미음식",충남 아산시 배방읍 호서로79번길 14,펩시콜라245ml,https://search.pstatic.net/common/?autoRotate=true&quality=95&type=f320_320&src=http%3A%2F%2Fimagefarm.baemin.com%2Fsmartmenuimage%2Fimage_library%2F20210422%2Fr_5.jpg,"1,000",4.0
도스마스 호서대점,"멕시코,남미음식",충남 아산시 배방읍 호서로79번길 14,칠성사이다245ml,https://search.pstatic.net/common/?autoRotate=true&quality=95&type=f320_320&src=http%3A%2F%2Fimagefarm.baemin.com%2Fsmartmenuimage%2Fimage_library%2F20210422%2Fr_1.jpg,"1,500",4.0
도스마스 호서대점,"멕시코,남미음식",충남 아산시 배방읍 호서로79번길 14,펩시콜라제로355ml,https://search.pstatic.net/common/?autoRotate=true&quality=95&type=f320_320&src=http%3A%2F%2Fimagefarm.baemin.com%2Fsmartmenuimage%2Fupload%2Fimage%2F2023%2F11%2F20%2FSe5SuKs4NQ1D8eqaJ0O1sCh8Pg6iycSHUQaciQFY2jmYG8EU5ZOneoCnmBJHf0Tu.jpg,"1,500",4.0
도스마스 호서대점,"멕시코,남미음식",충남 아산시 배방읍 호서로79번길 14,마운틴듀355ml,https://search.pstatic.net/common/?autoRotate=true&quality=95&type=f320_320&src=http%3A%2F%2Fimagefarm.baemin.com%2Fsmartmenuimage%2Fupload%2Fimage%2F2023%2F11%2F30%2FQ7BmC7cgQelC-avpNoIH71nVFqTx3QswO2IzIoW1L2yoQSG7BQCVvtoHU27KAl6VHdMP9rXn1E1watSyaCVbZfRh62BE-KrJ3jUblGFJ6L4%3D.jpg,"1,500",4.0
디스틴컵,"카페,디저트",충남 아산시 배방읍 호서로 82 1층,에스프레소,,"4,500",3.7
디스틴컵,"카페,디저트",충남 아산시 배방읍 호서로 82 1층,아메리카노,,"4,500",3.7
디스틴컵,"카페,디저트",충남 아산시 배방읍 호서로 82 1층,카페라떼,,"5,000",3.7
알콜사무소,한식,충남 아산시 배방읍 호서로 92 1층 알콜사무소,감바스,,"17,000",2.2
모이세,해장국,충남 아산시 배방읍 호서로 94 모이세,뼈전골 대,,"45,000",4.3
모이세,해장국,충남 아산시 배방읍 호서로 94 모이세,뼈전골 중,,"40,000",4.3
모이세,해장국,충남 아산시 배방읍 호서로 94 모이세,뼈전골 소,,"35,000",4.3
모이세,해장국,충남 아산시 배방읍 호서로 94 모이세,뼈해장국,,"9,500",4.3
모이세,해장국,충남 아산시 배방읍 호서로 94 모이세,양평해장국,,"9,500",4.3
포레스트 237,"육류,고기요리",충남 아산시 배방읍 호서로 237,도드람한돈 삼겹살(150g),https://search.pstatic.net/common/?autoRotate=true&quality=95&type=f320_320&src=https%3A%2F%2Fldb-phinf.pstatic.net%2F20230701_216%2F1688139925807G88rr_JPEG%2F001.jpg,"12,750",4.7
포레스트 237,"육류,고기요리",충남 아산시 배방읍 호서로 237,도드람한돈 목살(150g),https://search.pstatic.net/common/?autoRotate=true&quality=95&type=f320_320&src=https%3A%2F%2Fldb-phinf.pstatic.net%2F20230701_142%2F16881399375358IMNj_JPEG%2F002.jpg,"12,750",4.7
포레스트 237,"육류,고기요리",충남 아산시 배방읍 호서로 237,1+한우꽃등심(100g),https://search.pstatic.net/common/?autoRotate=true&quality=95&type=f320_320&src=https%3A%2F%2Fldb-phinf.pstatic.net%2F20230727_103%2F16904500587946LCmp_JPEG%2F003.jpg,,4.7
포레스트 237,"육류,고기요리",충남 아산시 배방읍 호서로 237,1+ 한우갈비살(100g),https://search.pstatic.net/common/?autoRotate=true&quality=95&type=f320_320&src=https%3A%2F%2Fldb-phinf.pstatic.net%2F20230727_11%2F1690450008313g0KhH_JPEG%2F%25C1%25A6%25B8%25F1%25C0%25BB_%25C0%25D4%25B7%25C2%25C7%25D8%25C1%25D6%25BC%25BC%25BF%25E4_-002_%25283%2529.jpg,,4.7
철수네고기마당,"육류,고기요리",충남 아산시 배방읍 호서로79번길 11,삼겹살,,"8,000",2.8
철수네고기마당,"육류,고기요리",충남 아산시 배방읍 호서로79번길 11,목살,,"8,000",2.8
철수네고기마당,"육류,고기요리",충남 아산시 배방읍 호서로79번길 11,왕돈까스,,"7,000",2.8
철수네고기마당,"육류,고기요리",충남 아산시 배방읍 호서로79번길 11,육회비빔밥,,"7,000",2.8
철수네고기마당,"육류,고기요리",충남 아산시 배방읍 호서로79번길 11,뚝배기불고기,,"7,000",2.8
브링웰피자 아산호서대점,피자,충남 아산시 배방읍 호서로 87,페퍼로니 R,,"10,000",4.3
브링웰피자 아산호서대점,피자,충남 아산시 배방읍 호서로 87,알로아하와이언R,,"10,000",4.3
브링웰피자 아산호서대점,피자,충남 아산시 배방읍 호서로 87,엑스트라치즈R,,"10,000",4.3
브링웰피자 아산호서대점,피자,충남 아산시 배방읍 호서로 87,브링웰야채R,,"10,500",4.3
브링웰피자 아산호서대점,피자,충남 아산시 배방읍 호서로 87,스위트골드큐브R,,"11,000",4.3
브링웰피자 아산호서대점,피자,충남 아산시 배방읍 호서로 87,비프쉬림프(R),,"15,000",4.3
브링웰피자 아산호서대점,피자,충남 아산시 배방읍 호서로 87,비프쉬림프(L),,"17,000",4.3
브링웰피자 아산호서대점,피자,충남 아산시 배방읍 호서로 87,골든치즈바이트(R),,"16,000",4.3
브링웰피자 아산호서대점,피자,충남 아산시 배방읍 호서로 87,골든치즈바이트(L),,"18,000",4.3
브링웰피자 아산호서대점,피자,충남 아산시 배방읍 호서로 87,포테이토바이트(R),,"16,500",4.3
브링웰피자 아산호서대점,피자,충남 아산시 배방읍 호서로 87,더블씬골드 (L),,"19,000",4.3
브링웰피자 아산호서대점,피자,충남 아산시 배방읍 호서로 87,고르곤졸라 (L),,"16,000",4.3
브링웰피자 아산호서대점,피자,충남 아산시 배방읍 호서로 87,쉬림프 (L),,"16,000",4.3
브링웰피자 아산호서대점,피자,충남 아산시 배방읍 호서로 87,상하이 스파이시치킨 (L),,"18,000",4.3
브링웰피자 아산호서대점,피자,충남 아산시 배방읍 호서로 87,바베큐 치킨 스테이크 (L),,"17,000",4.3
공차 아산호서대점,차,충남 아산시 배방읍 호서로79번길 14,아메리카노,,"3,700",2.4
디퍼플,"카페,디저트",충남 아산시 배방읍 호서로79번길 2 2동 디퍼플,사진,https://search.pstatic.net/common/?autoRotate=true&quality=95&type=f320_320&src=https%3A%2F%2Fldb-phinf.pstatic.net%2F20230828_47%2F1693211295327QdmVm_PNG%2FPub_%25B8%25DE%25B4%25BAA4_230821.png,,1.9
시골집,한식,충남 아산시 배방읍 호서로 96,백반,,"5,000",1.1
시골집,한식,충남 아산시 배방읍 호서로 96,청국장,,"5,000",1.1
카페차이 에그셀런트 호서대점,차,충남 아산시 배방읍 호서로79번길 20 2층 학생식당,아메리카노,https://search.pstatic.net/common/?autoRotate=true&quality=95&type=f320_320&src=https%3A%2F%2Fldb-phinf.pstatic.net%2F20211011_216%2F1633940466243Fn5zo_JPEG%2Ftmw4uPYjauV-14cMj0b_lqIz.jpg,"1,800",2.8
카페차이 에그셀런트 호서대점,차,충남 아산시 배방읍 호서로79번길 20 2층 학생식당,카페라떼,https://search.pstatic.net/common/?autoRotate=true&quality=95&type=f320_320&src=https%3A%2F%2Fldb-phinf.pstatic.net%2F20211011_35%2F1633940748940C8AL8_JPEG%2FsQ7N_sblPD7qVXtN4jH1ViSc.jpg,"2,800",2.8
카페차이 에그셀런트 호서대점,차,충남 아산시 배방읍 호서로79번길 20 2층 학생식당,블랙밀크티,https://search.pstatic.net/common/?autoRotate=true&quality=95&type=f320_320&src=https%3A%2F%2Fldb-phinf.pstatic.net%2F20211011_240%2F1633940827983F1ASj_JPEG%2FWoFFT48ZxK_a-5RSeo7lUyx6.jpg,"2,800",2.8
카페차이 에그셀런트 호서대점,차,충남 아산시 배방읍 호서로79번길 20 2층 학생식당,타로밀크티,https://search.pstatic.net/common/?autoRotate=true&quality=95&type=f320_320&src=https%3A%2F%2Fldb-phinf.pstatic.net%2F20211011_167%2F1633940867312nxxfT_JPEG%2FLzA1gKijGQZSDsS11YJMhk5w.jpg,"3,800",2.8
카페차이 에그셀런트 호서대점,차,충남 아산시 배방읍 호서로79번길 20 2층 학생식당,흑당버블티,https://search.pstatic.net/common/?autoRotate=true&quality=95&type=f320_320&src=https%3A%2F%2Fldb-phinf.pstatic.net%2F20211011_112%2F16339409003345AqTQ_JPEG%2Fle2fbCisPaJS_yrXirLoOnjm.jpg,"3,800",2.8
카페차이 에그셀런트 호서대점,차,충남 아산시 배방읍 호서로79번길 20 2층 학생식당,허니자몽블랙티,https://search.pstatic.net/common/?autoRotate=true&quality=95&type=f320_320&src=https%3A%2F%2Fldb-phinf.pstatic.net%2F20211011_12%2F1633940928143GtfGx_JPEG%2Fj1ZPVLWzTRO3YO3e4HqlXMMb.jpg,"3,900",2.8
카페차이 에그셀런트 호서대점,차,충남 아산시 배방읍 호서로79번길 20 2층 학생식당,딸기쿠키블렌디드,https://search.pstatic.net/common/?autoRotate=true&quality=95&type=f320_320&src=https%3A%2F%2Fldb-phinf.pstatic.net%2F20211011_193%2F1633940959949wVJWJ_JPEG%2F4exKsoKesf1XWnSjX20XTLrp.jpg,"4,500",2.8
카페차이 에그셀런트 호서대점,차,충남 아산시 배방읍 호서로79번길 20 2층 학생식당,제주말차블렌디드,https://search.pstatic.net/common/?autoRotate=true&quality=95&type=f320_320&src=https%3A%2F%2Fldb-phinf.pstatic.net%2F20211011_203%2F1633940987521rM6Nu_JPEG%2FS6k2nLLPuLox90Q10_mOhbCn.jpg,"4,500",2.8
카페차이 에그셀런트 호서대점,차,충남 아산시 배방읍 호서로79번길 20 2층 학생식당,레몬에이드,https://search.pstatic.net/common/?autoRotate=true&quality=95&type=f320_320&src=https%3A%2F%2Fldb-phinf.pstatic.net%2F20211011_188%2F16339410141202fpnj_JPEG%2FoyHuXidD_EwgC73HOhEzTWF2.jpg,"3,500",2.8
봉구스밥버거 호서대점,분식,충남 아산시 배방읍 호서로79번길 5,봉구스밥버거,https://search.pstatic.net/common/?autoRotate=true&quality=95&type=f320_320&src=https%3A%2F%2Fldb-phinf.pstatic.net%2F20170919_212%2F15057858480375dstH_PNG%2F7kxvZ1aCOxP7Ij4DdYZI5zNa.png,"3,000",2.0
봉구스밥버거 호서대점,분식,충남 아산시 배방읍 호서로79번길 5,햄밥버거,https://search.pstatic.net/common/?autoRotate=true&quality=95&type=f320_320&src=https%3A%2F%2Fldb-phinf.pstatic.net%2F20170919_133%2F1505785919276CgqUy_PNG%2FQPBykQ7uGU7-X_6BNWJBx1sp.png,"3,800",2.0
봉구스밥버거 호서대점,분식,충남 아산시 배방읍 호서로79번길 5,치즈밥버거,https://search.pstatic.net/common/?autoRotate=true&quality=95&type=f320_320&src=https%3A%2F%2Fldb-phinf.pstatic.net%2F20170919_184%2F1505785965948oNrbO_PNG%2FiV5Z0LMmFE4_K8-ZdIq_n_Sn.png,"3,500",2.0
봉구스밥버거 호서대점,분식,충남 아산시 배방읍 호서로79번길 5,햄치즈밥버거,https://search.pstatic.net/common/?autoRotate=true&quality=95&type=f320_320&src=https%3A%2F%2Fldb-phinf.pstatic.net%2F20170919_27%2F1505786008935HEo7c_PNG%2FHo4isn4b4fxPmytaye0LYDaC.png,"4,300",2.0
봉구스밥버거 호서대점,분식,충남 아산시 배방읍 호서로79번길 5,제육밥버거,https://search.pstatic.net/common/?autoRotate=true&quality=95&type=f320_320&src=https%3A%2F%2Fldb-phinf.pstatic.net%2F20170919_252%2F1505786054298tMbta_PNG%2FVGRENGQ-TR-hiGQ8IqmdPBcV.png,"4,000",2.0
봉구스밥버거 호서대점,분식,충남 아산시 배방읍 호서로79번길 5,치즈제육밥버거,https://search.pstatic.net/common/?autoRotate=true&quality=95&type=f320_320&src=https%3A%2F%2Fldb-phinf.pstatic.net%2F20170919_127%2F1505786091110rOhuM_PNG%2F7crfClsyyloBnf_h8HWrTP3p.png,"4,500",2.0
봉구스밥버거 호서대점,분식,충남 아산시 배방읍 호서로79번길 5,김치제육밥버거,https://search.pstatic.net/common/?autoRotate=true&quality=95&type=f320_320&src=https%3A%2F%2Fldb-phinf.pstatic.net%2F20170919_162%2F1505786121895dLBo2_PNG%2F0vO2izVnN4Yq0P_0m927Yc69.png,"4,800",2.0
봉구스밥버거 호서대점,분식,충남 아산시 배방읍 호서로79번길 5,닭갈비밥버거,https://search.pstatic.net/common/?autoRotate=true&quality=95&type=f320_320&src=https%3A%2F%2Fldb-phinf.pstatic.net%2F20170919_232%2F1505786151228pBHoH_PNG%2FMo_drOH4npN7xq4iCqgUesXI.png,"3,500",2.0
봉구스밥버거 호서대점,분식,충남 아산시 배방읍 호서로79번길 5,치즈닭갈비밥버거,https://search.pstatic.net/common/?autoRotate=true&quality=95&type=f320_320&src=https%3A%2F%2Fldb-phinf.pstatic.net%2F20170919_250%2F1505786183657hB4Ky_PNG%2FqXEfXCpuMHDFzfZiu43eDHRi.png,"4,000",2.0
봉구스밥버거 호서대점,분식,충남 아산시 배방읍 호서로79번길 5,소불고기밥버거,https://search.pstatic.net/common/?autoRotate=true&quality=95&type=f320_320&src=https%3A%2F%2Fldb-phinf.pstatic.net%2F20170919_297%2F1505786217648CY7jw_PNG%2FLQqf84RDw0-bgIc_1e7rOU-Z.png,"5,000",2.0
봉구스밥버거 호서대점,분식,충남 아산시 배방읍 호서로79번길 5,김치불고기밥버거,https://search.pstatic.net/common/?autoRotate=true&quality=95&type=f320_320&src=https%3A%2F%2Fldb-phinf.pstatic.net%2F20170919_252%2F1505786248360PSIrV_PNG%2FGVhR39ia88urtkFtPyABiId_.png,"5,800",2.0
봉구스밥버거 호서대점,분식,충남 아산시 배방읍 호서로79번길 5,청양불고기밥버거,https://search.pstatic.net/common/?autoRotate=true&quality=95&type=f320_320&src=https%3A%2F%2Fldb-phinf.pstatic.net%2F20170919_206%2F1505786280373vI0wE_PNG%2FnzLRUtoKUjBxcu0vM5h_wWbG.png,"5,500",2.0
봉구스밥버거 호서대점,분식,충남 아산시 배방읍 호서로79번길 5,통살돈까스밥버거,https://search.pstatic.net/common/?autoRotate=true&quality=95&type=f320_320&src=https%3A%2F%2Fldb-phinf.pstatic.net%2F20170919_258%2F1505786314028xieet_PNG%2FGn8D19Qvj_1bnJ5lqVJ2rfQ6.png,"4,500",2.0
봉구스밥버거 호서대점,분식,충남 아산시 배방읍 호서로79번길 5,통살돈까스마요밥버거,https://search.pstatic.net/common/?autoRotate=true&quality=95&type=f320_320&src=https%3A%2F%2Fldb-phinf.pstatic.net%2F20170919_173%2F1505786344942dCSDJ_PNG%2FVDWjcO8A_obSnsMZ1cxykc9d.png,"5,500",2.0
봉구스밥버거 호서대점,분식,충남 아산시 배방읍 호서로79번길 5,몬스터봉구,https://search.pstatic.net/common/?autoRotate=true&quality=95&type=f320_320&src=https%3A%2F%2Fldb-phinf.pstatic.net%2F20210308_221%2F1615171895341BfUJ8_JPEG%2FT61DCunzptavMd5vg5cefeAl.jpg,"6,500",2.0
